shift_description,date,start_time,end_time,duration_minutes,shift_id,task,invigilator_id,weekday,campus
"Thứ 2, 18/05/2026, Ca 5: 18g15-20g45",2026-05-18,18:15,20:45,150,20260518_5,LTK_CBCT,CB001,Thứ 2,Cơ sở 1
"Thứ 2, 18/05/2026, Ca 5: 18g15-20g45",2026-05-18,18:15,20:45,150,20260518_5,LTK_CBCT,CB002,Thứ 2,Cơ sở 1
"Thứ 3, 19/05/2026, Ca 5: 18g15-20g45",2026-05-19,18:15,20:45,150,20260519_5,LTK_CBCT,CB003,Thứ 3,Cơ sở 1
"Thứ 3, 19/05/2026, Ca 5: 18g15-20g45",2026-05-19,18:15,20:45,150,20260519_5,LTK_CBCT,CB004,Thứ 3,Cơ sở 1
"Thứ 3, 19/05/2026, Ca 5: 18g15-20g45",2026-05-19,18:15,20:45,150,20260519_5,LTK_CBCT,CB005,Thứ 3,Cơ sở 1
"Thứ 5, 21/05/2026, Ca 5: 18g15-20g45",2026-05-21,18:15,20:45,150,20260521_5,LTK_CBCT,CB004,Thứ 5,Cơ sở 1
"Thứ 5, 21/05/2026, Ca 5: 18g15-20g45",2026-05-21,18:15,20:45,150,20260521_5,LTK_CBCT,CB005,Thứ 5,Cơ sở 1
"Thứ 6, 22/05/2026, Ca 5: 18g15-20g45",2026-05-22,18:15,20:45,150,20260522_5,LTK_CBCT,CB002,Thứ 6,Cơ sở 1
"Thứ 6, 22/05/2026, Ca 5: 18g15-20g45",2026-05-22,18:15,20:45,150,20260522_5,LTK_CBCT,CB006,Thứ 6,Cơ sở 1
"Thứ 7, 23/05/2026, Ca 3: 13g00-15g30",2026-05-23,13:00,15:30,150,20260523_3,LTK_CBCT,CB007,Thứ 7,Cơ sở 1
"Thứ 7, 23/05/2026, Ca 3: 13g00-15g30",2026-05-23,13:00,15:30,150,20260523_3,LTK_CBCT,CB008,Thứ 7,Cơ sở 1
"Thứ 7, 23/05/2026, Ca 3: 13g00-15g30",2026-05-23,13:00,15:30,150,20260523_3,LTK_CBCT,CB005,Thứ 7,Cơ sở 1
"Thứ 7, 23/05/2026, Ca 3: 13g00-15g30",2026-05-23,13:00,15:30,150,20260523_3,LTK_CBCT,CB002,Thứ 7,Cơ sở 1
"Thứ 7, 23/05/2026, Ca 3: 13g00-15g30",2026-05-23,13:00,15:30,150,20260523_3,LTK_CBCT,CB003,Thứ 7,Cơ sở 1
"Thứ 7, 23/05/2026, Ca 3: 13g00-15g30",2026-05-23,13:00,15:30,150,20260523_3,LTK_CBCT,CB004,Thứ 7,Cơ sở 1
"Thứ 2, 25/05/2026, Ca 2: 09g30-12g00",2026-05-25,09:30,12:00,150,20260525_2,DiAn_CBCT,CB009,Thứ 2,Cơ sở 2
"Thứ 2, 25/05/2026, Ca 2: 09g30-12g00",2026-05-25,09:30,12:00,150,20260525_2,DiAn_CBCT,CB010,Thứ 2,Cơ sở 2
"Thứ 2, 25/05/2026, Ca 2: 09g30-12g00",2026-05-25,09:30,12:00,150,20260525_2,DiAn_CBCT,CB011,Thứ 2,Cơ sở 2
"Thứ 2, 25/05/2026, Ca 2: 09g30-12g00",2026-05-25,09:30,12:00,150,20260525_2,DiAn_CBCT,CB012,Thứ 2,Cơ sở 2
"Thứ 2, 25/05/2026, Ca 2: 09g30-12g00",2026-05-25,09:30,12:00,150,20260525_2,DiAn_CBCT,CB013,Thứ 2,Cơ sở 2
"Thứ 2, 25/05/2026, Ca 2: 09g30-12g00",2026-05-25,09:30,12:00,150,20260525_2,DiAn_CBCT,CB014,Thứ 2,Cơ sở 2
"Thứ 2, 25/05/2026, Ca 2: 09g30-12g00",2026-05-25,09:30,12:00,150,20260525_2,DiAn_CBCT,CB015,Thứ 2,Cơ sở 2
"Thứ 2, 25/05/2026, Ca 2: 09g30-12g00",2026-05-25,09:30,12:00,150,20260525_2,DiAn_CBCT,CB016,Thứ 2,Cơ sở 2
"Thứ 2, 25/05/2026, Ca 2: 09g30-12g00",2026-05-25,09:30,12:00,150,20260525_2,DiAn_CBCT,CB017,Thứ 2,Cơ sở 2
"Thứ 2, 25/05/2026, Ca 2: 09g30-12g00",2026-05-25,09:30,12:00,150,20260525_2,DiAn_CBCT,CB018,Thứ 2,Cơ sở 2
"Thứ 2, 25/05/2026, Ca 2: 09g30-12g00",2026-05-25,09:30,12:00,150,20260525_2,DiAn_CBCT,CB019,Thứ 2,Cơ sở 2
"Thứ 2, 25/05/2026, Ca 2: 09g30-12g00",2026-05-25,09:30,12:00,150,20260525_2,DiAn_CBCT,CB020,Thứ 2,Cơ sở 2
"Thứ 2, 25/05/2026, Ca 2: 09g30-12g00",2026-05-25,09:30,12:00,150,20260525_2,DiAn_CBCT,CB021,Thứ 2,Cơ sở 2
"Thứ 2, 25/05/2026, Ca 2: 09g30-12g00",2026-05-25,09:30,12:00,150,20260525_2,DiAn_CBCT,CB022,Thứ 2,Cơ sở 2
"Thứ 2, 25/05/2026, Ca 2: 09g30-12g00",2026-05-25,09:30,12:00,150,20260525_2,DiAn_CBCT,CB023,Thứ 2,Cơ sở 2
"Thứ 2, 25/05/2026, Ca 2: 09g30-12g00",2026-05-25,09:30,12:00,150,20260525_2,DiAn_CBCT,CB024,Thứ 2,Cơ sở 2
"Thứ 2, 25/05/2026, Ca 2: 09g30-12g00",2026-05-25,09:30,12:00,150,20260525_2,DiAn_Thư ký,CB025,Thứ 2,Cơ sở 2
"Thứ 2, 25/05/2026, Ca 5: 18g15-20g45",2026-05-25,18:15,20:45,150,20260525_5,LTK_CBCT,CB001,Thứ 2,Cơ sở 1
"Thứ 2, 25/05/2026, Ca 5: 18g15-20g45",2026-05-25,18:15,20:45,150,20260525_5,LTK_CBCT,CB002,Thứ 2,Cơ sở 1
"Thứ 2, 25/05/2026, Ca 5: 18g15-20g45",2026-05-25,18:15,20:45,150,20260525_5,LTK_CBCT,CB004,Thứ 2,Cơ sở 1
"Thứ 3, 26/05/2026, Ca 5: 18g15-20g45",2026-05-26,18:15,20:45,150,20260526_5,LTK_CBCT,CB003,Thứ 3,Cơ sở 1
"Thứ 3, 26/05/2026, Ca 5: 18g15-20g45",2026-05-26,18:15,20:45,150,20260526_5,LTK_CBCT,CB005,Thứ 3,Cơ sở 1
"Thứ 4, 27/05/2026, Ca 2: 09g30-12g00",2026-05-27,09:30,12:00,150,20260527_2,DiAn_Thư ký,CB025,Thứ 4,Cơ sở 2
"Thứ 4, 27/05/2026, Ca 2: 09g30-12g00",2026-05-27,09:30,12:00,150,20260527_2,DiAn_Thư ký,CB026,Thứ 4,Cơ sở 2
"Thứ 4, 27/05/2026, Ca 4: 15g30-18g00",2026-05-27,15:30,18:00,150,20260527_4,LTK_Trưởng HĐ,CB027,Thứ 4,Cơ sở 1
"Thứ 4, 27/05/2026, Ca 5: 18g15-20g45",2026-05-27,18:15,20:45,150,20260527_5,LTK_CBCT,CB003,Thứ 4,Cơ sở 1
"Thứ 4, 27/05/2026, Ca 5: 18g15-20g45",2026-05-27,18:15,20:45,150,20260527_5,LTK_CBCT,CB004,Thứ 4,Cơ sở 1
"Thứ 4, 27/05/2026, Ca 5: 18g15-20g45",2026-05-27,18:15,20:45,150,20260527_5,LTK_CBCT,CB002,Thứ 4,Cơ sở 1
"Thứ 4, 27/05/2026, Ca 5: 18g15-20g45",2026-05-27,18:15,20:45,150,20260527_5,LTK_Trưởng HĐ,CB028,Thứ 4,Cơ sở 1
"Thứ 5, 28/05/2026, Ca 1: 07g00-09g30",2026-05-28,07:00,09:30,150,20260528_1,LTK_Trưởng HĐ,CB029,Thứ 5,Cơ sở 1
"Thứ 5, 28/05/2026, Ca 2: 09g30-12g00",2026-05-28,09:30,12:00,150,20260528_2,LTK_Trưởng HĐ,CB029,Thứ 5,Cơ sở 1
"Thứ 5, 28/05/2026, Ca 3: 13g00-15g30",2026-05-28,13:00,15:30,150,20260528_3,DiAn_CBCT,CB030,Thứ 5,Cơ sở 2
"Thứ 5, 28/05/2026, Ca 3: 13g00-15g30",2026-05-28,13:00,15:30,150,20260528_3,DiAn_CBCT,CB031,Thứ 5,Cơ sở 2
"Thứ 5, 28/05/2026, Ca 3: 13g00-15g30",2026-05-28,13:00,15:30,150,20260528_3,DiAn_CBCT,CB032,Thứ 5,Cơ sở 2
"Thứ 5, 28/05/2026, Ca 3: 13g00-15g30",2026-05-28,13:00,15:30,150,20260528_3,DiAn_CBCT,CB033,Thứ 5,Cơ sở 2
"Thứ 5, 28/05/2026, Ca 3: 13g00-15g30",2026-05-28,13:00,15:30,150,20260528_3,DiAn_CBCT,CB034,Thứ 5,Cơ sở 2
"Thứ 5, 28/05/2026, Ca 3: 13g00-15g30",2026-05-28,13:00,15:30,150,20260528_3,DiAn_CBCT,CB035,Thứ 5,Cơ sở 2
"Thứ 5, 28/05/2026, Ca 3: 13g00-15g30",2026-05-28,13:00,15:30,150,20260528_3,DiAn_CBCT,CB036,Thứ 5,Cơ sở 2
"Thứ 5, 28/05/2026, Ca 3: 13g00-15g30",2026-05-28,13:00,15:30,150,20260528_3,DiAn_CBCT,CB037,Thứ 5,Cơ sở 2
"Thứ 5, 28/05/2026, Ca 3: 13g00-15g30",2026-05-28,13:00,15:30,150,20260528_3,DiAn_CBCT,CB038,Thứ 5,Cơ sở 2
"Thứ 5, 28/05/2026, Ca 3: 13g00-15g30",2026-05-28,13:00,15:30,150,20260528_3,DiAn_CBCT,CB012,Thứ 5,Cơ sở 2
"Thứ 5, 28/05/2026, Ca 3: 13g00-15g30",2026-05-28,13:00,15:30,150,20260528_3,DiAn_CBCT,CB039,Thứ 5,Cơ sở 2
"Thứ 5, 28/05/2026, Ca 3: 13g00-15g30",2026-05-28,13:00,15:30,150,20260528_3,DiAn_CBCT,CB007,Thứ 5,Cơ sở 2
"Thứ 5, 28/05/2026, Ca 3: 13g00-15g30",2026-05-28,13:00,15:30,150,20260528_3,DiAn_Thư ký,CB040,Thứ 5,Cơ sở 2
"Thứ 5, 28/05/2026, Ca 3: 13g00-15g30",2026-05-28,13:00,15:30,150,20260528_3,DiAn_Thư ký,CB026,Thứ 5,Cơ sở 2
"Thứ 5, 28/05/2026, Ca 3: 13g00-15g30",2026-05-28,13:00,15:30,150,20260528_3,LTK_Trưởng HĐ,CB010,Thứ 5,Cơ sở 1
"Thứ 5, 28/05/2026, Ca 4: 15g30-18g00",2026-05-28,15:30,18:00,150,20260528_4,LTK_Trưởng HĐ,CB010,Thứ 5,Cơ sở 1
"Thứ 5, 28/05/2026, Ca 5: 18g15-20g45",2026-05-28,18:15,20:45,150,20260528_5,LTK_CBCT,CB003,Thứ 5,Cơ sở 1
"Thứ 5, 28/05/2026, Ca 5: 18g15-20g45",2026-05-28,18:15,20:45,150,20260528_5,LTK_CBCT,CB005,Thứ 5,Cơ sở 1
"Thứ 5, 28/05/2026, Ca 5: 18g15-20g45",2026-05-28,18:15,20:45,150,20260528_5,LTK_Trưởng HĐ,CB010,Thứ 5,Cơ sở 1
"Thứ 6, 29/05/2026, Ca 1: 07g00-09g30",2026-05-29,07:00,09:30,150,20260529_1,DiAn_CBCT,CB041,Thứ 6,Cơ sở 2
"Thứ 6, 29/05/2026, Ca 1: 07g00-09g30",2026-05-29,07:00,09:30,150,20260529_1,DiAn_CBCT,CB042,Thứ 6,Cơ sở 2
"Thứ 6, 29/05/2026, Ca 1: 07g00-09g30",2026-05-29,07:00,09:30,150,20260529_1,DiAn_CBCT,CB043,Thứ 6,Cơ sở 2
"Thứ 6, 29/05/2026, Ca 1: 07g00-09g30",2026-05-29,07:00,09:30,150,20260529_1,DiAn_CBCT,CB039,Thứ 6,Cơ sở 2
"Thứ 6, 29/05/2026, Ca 1: 07g00-09g30",2026-05-29,07:00,09:30,150,20260529_1,DiAn_CBCT,CB044,Thứ 6,Cơ sở 2
"Thứ 6, 29/05/2026, Ca 1: 07g00-09g30",2026-05-29,07:00,09:30,150,20260529_1,DiAn_CBCT,CB029,Thứ 6,Cơ sở 2
"Thứ 6, 29/05/2026, Ca 1: 07g00-09g30",2026-05-29,07:00,09:30,150,20260529_1,DiAn_CBCT,CB045,Thứ 6,Cơ sở 2
"Thứ 6, 29/05/2026, Ca 1: 07g00-09g30",2026-05-29,07:00,09:30,150,20260529_1,DiAn_CBCT,CB046,Thứ 6,Cơ sở 2
"Thứ 6, 29/05/2026, Ca 1: 07g00-09g30",2026-05-29,07:00,09:30,150,20260529_1,DiAn_CBCT,CB047,Thứ 6,Cơ sở 2
"Thứ 6, 29/05/2026, Ca 1: 07g00-09g30",2026-05-29,07:00,09:30,150,20260529_1,DiAn_CBCT,CB008,Thứ 6,Cơ sở 2
"Thứ 6, 29/05/2026, Ca 1: 07g00-09g30",2026-05-29,07:00,09:30,150,20260529_1,DiAn_CBCT,CB048,Thứ 6,Cơ sở 2
"Thứ 6, 29/05/2026, Ca 1: 07g00-09g30",2026-05-29,07:00,09:30,150,20260529_1,DiAn_CBCT,CB049,Thứ 6,Cơ sở 2
"Thứ 6, 29/05/2026, Ca 1: 07g00-09g30",2026-05-29,07:00,09:30,150,20260529_1,DiAn_CBCT,CB020,Thứ 6,Cơ sở 2
"Thứ 6, 29/05/2026, Ca 1: 07g00-09g30",2026-05-29,07:00,09:30,150,20260529_1,DiAn_CBCT,CB050,Thứ 6,Cơ sở 2
"Thứ 6, 29/05/2026, Ca 1: 07g00-09g30",2026-05-29,07:00,09:30,150,20260529_1,DiAn_CBCT,CB022,Thứ 6,Cơ sở 2
"Thứ 6, 29/05/2026, Ca 1: 07g00-09g30",2026-05-29,07:00,09:30,150,20260529_1,DiAn_CBCT,CB051,Thứ 6,Cơ sở 2
"Thứ 6, 29/05/2026, Ca 1: 07g00-09g30",2026-05-29,07:00,09:30,150,20260529_1,DiAn_CBCT,CB010,Thứ 6,Cơ sở 2
"Thứ 6, 29/05/2026, Ca 1: 07g00-09g30",2026-05-29,07:00,09:30,150,20260529_1,DiAn_CBCT,CB052,Thứ 6,Cơ sở 2
"Thứ 6, 29/05/2026, Ca 1: 07g00-09g30",2026-05-29,07:00,09:30,150,20260529_1,DiAn_CBCT,CB053,Thứ 6,Cơ sở 2
"Thứ 6, 29/05/2026, Ca 1: 07g00-09g30",2026-05-29,07:00,09:30,150,20260529_1,DiAn_CBCT,CB054,Thứ 6,Cơ sở 2
"Thứ 6, 29/05/2026, Ca 1: 07g00-09g30",2026-05-29,07:00,09:30,150,20260529_1,DiAn_CBCT,CB055,Thứ 6,Cơ sở 2
"Thứ 6, 29/05/2026, Ca 1: 07g00-09g30",2026-05-29,07:00,09:30,150,20260529_1,DiAn_CBCT,CB056,Thứ 6,Cơ sở 2
"Thứ 6, 29/05/2026, Ca 1: 07g00-09g30",2026-05-29,07:00,09:30,150,20260529_1,DiAn_CBCT,CB014,Thứ 6,Cơ sở 2
"Thứ 6, 29/05/2026, Ca 1: 07g00-09g30",2026-05-29,07:00,09:30,150,20260529_1,DiAn_CBCT,CB057,Thứ 6,Cơ sở 2
"Thứ 6, 29/05/2026, Ca 1: 07g00-09g30",2026-05-29,07:00,09:30,150,20260529_1,DiAn_CBCT,CB058,Thứ 6,Cơ sở 2
"Thứ 6, 29/05/2026, Ca 1: 07g00-09g30",2026-05-29,07:00,09:30,150,20260529_1,DiAn_CBCT,CB059,Thứ 6,Cơ sở 2
"Thứ 6, 29/05/2026, Ca 1: 07g00-09g30",2026-05-29,07:00,09:30,150,20260529_1,DiAn_CBCT,CB060,Thứ 6,Cơ sở 2
"Thứ 6, 29/05/2026, Ca 1: 07g00-09g30",2026-05-29,07:00,09:30,150,20260529_1,DiAn_CBCT,CB028,Thứ 6,Cơ sở 2
"Thứ 6, 29/05/2026, Ca 1: 07g00-09g30",2026-05-29,07:00,09:30,150,20260529_1,DiAn_CBCT,CB061,Thứ 6,Cơ sở 2
"Thứ 6, 29/05/2026, Ca 1: 07g00-09g30",2026-05-29,07:00,09:30,150,20260529_1,DiAn_CBCT,CB062,Thứ 6,Cơ sở 2
"Thứ 6, 29/05/2026, Ca 1: 07g00-09g30",2026-05-29,07:00,09:30,150,20260529_1,DiAn_Thư ký,CB063,Thứ 6,Cơ sở 2
"Thứ 6, 29/05/2026, Ca 1: 07g00-09g30",2026-05-29,07:00,09:30,150,20260529_1,LTK_Trưởng HĐ,CB027,Thứ 6,Cơ sở 1
"Thứ 6, 29/05/2026, Ca 2: 09g30-12g00",2026-05-29,09:30,12:00,150,20260529_2,LTK_Trưởng HĐ,CB027,Thứ 6,Cơ sở 1
"Thứ 6, 29/05/2026, Ca 3: 13g00-15g30",2026-05-29,13:00,15:30,150,20260529_3,LTK_Trưởng HĐ,CB027,Thứ 6,Cơ sở 1
"Thứ 6, 29/05/2026, Ca 5: 18g15-20g45",2026-05-29,18:15,20:45,150,20260529_5,LTK_CBCT,CB004,Thứ 6,Cơ sở 1
"Thứ 6, 29/05/2026, Ca 5: 18g15-20g45",2026-05-29,18:15,20:45,150,20260529_5,LTK_CBCT,CB003,Thứ 6,Cơ sở 1
"Thứ 6, 29/05/2026, Ca 5: 18g15-20g45",2026-05-29,18:15,20:45,150,20260529_5,LTK_CBCT,CB064,Thứ 6,Cơ sở 1
"Thứ 7, 30/05/2026, Ca 2: 09g30-12g00",2026-05-30,09:30,12:00,150,20260530_2,LTK_CBCT,CB065,Thứ 7,Cơ sở 1
"Thứ 7, 30/05/2026, Ca 2: 09g30-12g00",2026-05-30,09:30,12:00,150,20260530_2,LTK_CBCT,CB066,Thứ 7,Cơ sở 1
"Thứ 7, 30/05/2026, Ca 2: 09g30-12g00",2026-05-30,09:30,12:00,150,20260530_2,LTK_CBCT,CB004,Thứ 7,Cơ sở 1
"Thứ 7, 30/05/2026, Ca 2: 09g30-12g00",2026-05-30,09:30,12:00,150,20260530_2,LTK_CBCT,CB001,Thứ 7,Cơ sở 1
"Thứ 7, 30/05/2026, Ca 3: 13g00-15g30",2026-05-30,13:00,15:30,150,20260530_3,LTK_CBCT,CB065,Thứ 7,Cơ sở 1
"Thứ 7, 30/05/2026, Ca 3: 13g00-15g30",2026-05-30,13:00,15:30,150,20260530_3,LTK_CBCT,CB066,Thứ 7,Cơ sở 1
"Thứ 7, 30/05/2026, Ca 3: 13g00-15g30",2026-05-30,13:00,15:30,150,20260530_3,LTK_CBCT,CB004,Thứ 7,Cơ sở 1
"Thứ 7, 30/05/2026, Ca 3: 13g00-15g30",2026-05-30,13:00,15:30,150,20260530_3,LTK_CBCT,CB001,Thứ 7,Cơ sở 1
"Chủ Nhật, 31/05/2026, Ca 2: 09g30-12g00",2026-05-31,09:30,12:00,150,20260531_2,LTK_CBCT,CB006,Chủ Nhật,Cơ sở 1
"Chủ Nhật, 31/05/2026, Ca 2: 09g30-12g00",2026-05-31,09:30,12:00,150,20260531_2,LTK_CBCT,CB002,Chủ Nhật,Cơ sở 1
"Chủ Nhật, 31/05/2026, Ca 2: 09g30-12g00",2026-05-31,09:30,12:00,150,20260531_2,LTK_CBCT,CB066,Chủ Nhật,Cơ sở 1
"Chủ Nhật, 31/05/2026, Ca 2: 09g30-12g00",2026-05-31,09:30,12:00,150,20260531_2,LTK_CBCT,CB001,Chủ Nhật,Cơ sở 1
"Chủ Nhật, 31/05/2026, Ca 3: 13g00-15g30",2026-05-31,13:00,15:30,150,20260531_3,LTK_CBCT,CB006,Chủ Nhật,Cơ sở 1
"Chủ Nhật, 31/05/2026, Ca 3: 13g00-15g30",2026-05-31,13:00,15:30,150,20260531_3,LTK_CBCT,CB002,Chủ Nhật,Cơ sở 1
"Chủ Nhật, 31/05/2026, Ca 3: 13g00-15g30",2026-05-31,13:00,15:30,150,20260531_3,LTK_CBCT,CB066,Chủ Nhật,Cơ sở 1
"Chủ Nhật, 31/05/2026, Ca 3: 13g00-15g30",2026-05-31,13:00,15:30,150,20260531_3,LTK_CBCT,CB001,Chủ Nhật,Cơ sở 1
"Thứ 2, 01/06/2026, Ca 1: 07g00-09g30",2026-06-01,07:00,09:30,150,20260601_1,DiAn_Trưởng HĐ,CB028,Thứ 2,Cơ sở 2
"Thứ 2, 01/06/2026, Ca 2: 09g30-12g00",2026-06-01,09:30,12:00,150,20260601_2,DiAn_CBCT,CB041,Thứ 2,Cơ sở 2
"Thứ 2, 01/06/2026, Ca 2: 09g30-12g00",2026-06-01,09:30,12:00,150,20260601_2,DiAn_CBCT,CB032,Thứ 2,Cơ sở 2
"Thứ 2, 01/06/2026, Ca 2: 09g30-12g00",2026-06-01,09:30,12:00,150,20260601_2,DiAn_CBCT,CB046,Thứ 2,Cơ sở 2
"Thứ 2, 01/06/2026, Ca 2: 09g30-12g00",2026-06-01,09:30,12:00,150,20260601_2,DiAn_CBCT,CB067,Thứ 2,Cơ sở 2
"Thứ 2, 01/06/2026, Ca 2: 09g30-12g00",2026-06-01,09:30,12:00,150,20260601_2,DiAn_CBCT,CB008,Thứ 2,Cơ sở 2
"Thứ 2, 01/06/2026, Ca 2: 09g30-12g00",2026-06-01,09:30,12:00,150,20260601_2,DiAn_CBCT,CB048,Thứ 2,Cơ sở 2
"Thứ 2, 01/06/2026, Ca 2: 09g30-12g00",2026-06-01,09:30,12:00,150,20260601_2,DiAn_CBCT,CB049,Thứ 2,Cơ sở 2
"Thứ 2, 01/06/2026, Ca 2: 09g30-12g00",2026-06-01,09:30,12:00,150,20260601_2,DiAn_CBCT,CB020,Thứ 2,Cơ sở 2
"Thứ 2, 01/06/2026, Ca 2: 09g30-12g00",2026-06-01,09:30,12:00,150,20260601_2,DiAn_CBCT,CB050,Thứ 2,Cơ sở 2
"Thứ 2, 01/06/2026, Ca 2: 09g30-12g00",2026-06-01,09:30,12:00,150,20260601_2,DiAn_CBCT,CB018,Thứ 2,Cơ sở 2
"Thứ 2, 01/06/2026, Ca 2: 09g30-12g00",2026-06-01,09:30,12:00,150,20260601_2,DiAn_CBCT,CB051,Thứ 2,Cơ sở 2
"Thứ 2, 01/06/2026, Ca 2: 09g30-12g00",2026-06-01,09:30,12:00,150,20260601_2,DiAn_CBCT,CB016,Thứ 2,Cơ sở 2
"Thứ 2, 01/06/2026, Ca 2: 09g30-12g00",2026-06-01,09:30,12:00,150,20260601_2,DiAn_CBCT,CB052,Thứ 2,Cơ sở 2
"Thứ 2, 01/06/2026, Ca 2: 09g30-12g00",2026-06-01,09:30,12:00,150,20260601_2,DiAn_CBCT,CB053,Thứ 2,Cơ sở 2
"Thứ 2, 01/06/2026, Ca 2: 09g30-12g00",2026-06-01,09:30,12:00,150,20260601_2,DiAn_CBCT,CB044,Thứ 2,Cơ sở 2
"Thứ 2, 01/06/2026, Ca 2: 09g30-12g00",2026-06-01,09:30,12:00,150,20260601_2,DiAn_CBCT,CB055,Thứ 2,Cơ sở 2
"Thứ 2, 01/06/2026, Ca 2: 09g30-12g00",2026-06-01,09:30,12:00,150,20260601_2,DiAn_CBCT,CB056,Thứ 2,Cơ sở 2
"Thứ 2, 01/06/2026, Ca 2: 09g30-12g00",2026-06-01,09:30,12:00,150,20260601_2,DiAn_CBCT,CB014,Thứ 2,Cơ sở 2
"Thứ 2, 01/06/2026, Ca 2: 09g30-12g00",2026-06-01,09:30,12:00,150,20260601_2,DiAn_CBCT,CB057,Thứ 2,Cơ sở 2
"Thứ 2, 01/06/2026, Ca 2: 09g30-12g00",2026-06-01,09:30,12:00,150,20260601_2,DiAn_CBCT,CB058,Thứ 2,Cơ sở 2
"Thứ 2, 01/06/2026, Ca 2: 09g30-12g00",2026-06-01,09:30,12:00,150,20260601_2,DiAn_CBCT,CB059,Thứ 2,Cơ sở 2
"Thứ 2, 01/06/2026, Ca 2: 09g30-12g00",2026-06-01,09:30,12:00,150,20260601_2,DiAn_CBCT,CB060,Thứ 2,Cơ sở 2
"Thứ 2, 01/06/2026, Ca 2: 09g30-12g00",2026-06-01,09:30,12:00,150,20260601_2,DiAn_CBCT,CB068,Thứ 2,Cơ sở 2
"Thứ 2, 01/06/2026, Ca 2: 09g30-12g00",2026-06-01,09:30,12:00,150,20260601_2,DiAn_CBCT,CB061,Thứ 2,Cơ sở 2
"Thứ 2, 01/06/2026, Ca 2: 09g30-12g00",2026-06-01,09:30,12:00,150,20260601_2,DiAn_CBCT,CB062,Thứ 2,Cơ sở 2
"Thứ 2, 01/06/2026, Ca 2: 09g30-12g00",2026-06-01,09:30,12:00,150,20260601_2,DiAn_CBCT,CB010,Thứ 2,Cơ sở 2
"Thứ 2, 01/06/2026, Ca 2: 09g30-12g00",2026-06-01,09:30,12:00,150,20260601_2,DiAn_CBCT,CB006,Thứ 2,Cơ sở 2
"Thứ 2, 01/06/2026, Ca 2: 09g30-12g00",2026-06-01,09:30,12:00,150,20260601_2,DiAn_CBCT,CB065,Thứ 2,Cơ sở 2
"Thứ 2, 01/06/2026, Ca 2: 09g30-12g00",2026-06-01,09:30,12:00,150,20260601_2,DiAn_CBCT,CB019,Thứ 2,Cơ sở 2
"Thứ 2, 01/06/2026, Ca 2: 09g30-12g00",2026-06-01,09:30,12:00,150,20260601_2,DiAn_CBCT,CB043,Thứ 2,Cơ sở 2
"Thứ 2, 01/06/2026, Ca 2: 09g30-12g00",2026-06-01,09:30,12:00,150,20260601_2,DiAn_Thư ký,CB039,Thứ 2,Cơ sở 2
"Thứ 2, 01/06/2026, Ca 2: 09g30-12g00",2026-06-01,09:30,12:00,150,20260601_2,DiAn_Trưởng HĐ,CB028,Thứ 2,Cơ sở 2
"Thứ 2, 01/06/2026, Ca 3: 13g00-15g30",2026-06-01,13:00,15:30,150,20260601_3,DiAn_CBCT,CB067,Thứ 2,Cơ sở 2
"Thứ 2, 01/06/2026, Ca 3: 13g00-15g30",2026-06-01,13:00,15:30,150,20260601_3,DiAn_CBCT,CB008,Thứ 2,Cơ sở 2
"Thứ 2, 01/06/2026, Ca 3: 13g00-15g30",2026-06-01,13:00,15:30,150,20260601_3,DiAn_CBCT,CB048,Thứ 2,Cơ sở 2
"Thứ 2, 01/06/2026, Ca 3: 13g00-15g30",2026-06-01,13:00,15:30,150,20260601_3,DiAn_CBCT,CB044,Thứ 2,Cơ sở 2
"Thứ 2, 01/06/2026, Ca 3: 13g00-15g30",2026-06-01,13:00,15:30,150,20260601_3,DiAn_CBCT,CB041,Thứ 2,Cơ sở 2
"Thứ 2, 01/06/2026, Ca 3: 13g00-15g30",2026-06-01,13:00,15:30,150,20260601_3,DiAn_CBCT,CB050,Thứ 2,Cơ sở 2
"Thứ 2, 01/06/2026, Ca 3: 13g00-15g30",2026-06-01,13:00,15:30,150,20260601_3,DiAn_CBCT,CB018,Thứ 2,Cơ sở 2
"Thứ 2, 01/06/2026, Ca 3: 13g00-15g30",2026-06-01,13:00,15:30,150,20260601_3,DiAn_CBCT,CB051,Thứ 2,Cơ sở 2
"Thứ 2, 01/06/2026, Ca 3: 13g00-15g30",2026-06-01,13:00,15:30,150,20260601_3,DiAn_CBCT,CB032,Thứ 2,Cơ sở 2
"Thứ 2, 01/06/2026, Ca 3: 13g00-15g30",2026-06-01,13:00,15:30,150,20260601_3,DiAn_CBCT,CB052,Thứ 2,Cơ sở 2
"Thứ 2, 01/06/2026, Ca 3: 13g00-15g30",2026-06-01,13:00,15:30,150,20260601_3,DiAn_CBCT,CB053,Thứ 2,Cơ sở 2
"Thứ 2, 01/06/2026, Ca 3: 13g00-15g30",2026-06-01,13:00,15:30,150,20260601_3,DiAn_CBCT,CB039,Thứ 2,Cơ sở 2
"Thứ 2, 01/06/2026, Ca 3: 13g00-15g30",2026-06-01,13:00,15:30,150,20260601_3,DiAn_CBCT,CB055,Thứ 2,Cơ sở 2
"Thứ 2, 01/06/2026, Ca 3: 13g00-15g30",2026-06-01,13:00,15:30,150,20260601_3,DiAn_CBCT,CB056,Thứ 2,Cơ sở 2
"Thứ 2, 01/06/2026, Ca 3: 13g00-15g30",2026-06-01,13:00,15:30,150,20260601_3,DiAn_CBCT,CB014,Thứ 2,Cơ sở 2
"Thứ 2, 01/06/2026, Ca 3: 13g00-15g30",2026-06-01,13:00,15:30,150,20260601_3,DiAn_CBCT,CB057,Thứ 2,Cơ sở 2
"Thứ 2, 01/06/2026, Ca 3: 13g00-15g30",2026-06-01,13:00,15:30,150,20260601_3,DiAn_CBCT,CB058,Thứ 2,Cơ sở 2
"Thứ 2, 01/06/2026, Ca 3: 13g00-15g30",2026-06-01,13:00,15:30,150,20260601_3,DiAn_CBCT,CB059,Thứ 2,Cơ sở 2
"Thứ 2, 01/06/2026, Ca 3: 13g00-15g30",2026-06-01,13:00,15:30,150,20260601_3,DiAn_CBCT,CB060,Thứ 2,Cơ sở 2
"Thứ 2, 01/06/2026, Ca 3: 13g00-15g30",2026-06-01,13:00,15:30,150,20260601_3,DiAn_CBCT,CB046,Thứ 2,Cơ sở 2
"Thứ 2, 01/06/2026, Ca 3: 13g00-15g30",2026-06-01,13:00,15:30,150,20260601_3,DiAn_CBCT,CB061,Thứ 2,Cơ sở 2
"Thứ 2, 01/06/2026, Ca 3: 13g00-15g30",2026-06-01,13:00,15:30,150,20260601_3,DiAn_CBCT,CB062,Thứ 2,Cơ sở 2
"Thứ 2, 01/06/2026, Ca 3: 13g00-15g30",2026-06-01,13:00,15:30,150,20260601_3,DiAn_CBCT,CB068,Thứ 2,Cơ sở 2
"Thứ 2, 01/06/2026, Ca 3: 13g00-15g30",2026-06-01,13:00,15:30,150,20260601_3,DiAn_CBCT,CB006,Thứ 2,Cơ sở 2
"Thứ 2, 01/06/2026, Ca 3: 13g00-15g30",2026-06-01,13:00,15:30,150,20260601_3,DiAn_CBCT,CB065,Thứ 2,Cơ sở 2
"Thứ 2, 01/06/2026, Ca 3: 13g00-15g30",2026-06-01,13:00,15:30,150,20260601_3,DiAn_CBCT,CB019,Thứ 2,Cơ sở 2
"Thứ 2, 01/06/2026, Ca 3: 13g00-15g30",2026-06-01,13:00,15:30,150,20260601_3,DiAn_CBCT,CB043,Thứ 2,Cơ sở 2
"Thứ 2, 01/06/2026, Ca 3: 13g00-15g30",2026-06-01,13:00,15:30,150,20260601_3,DiAn_Trưởng HĐ,CB029,Thứ 2,Cơ sở 2
"Thứ 2, 01/06/2026, Ca 4: 15g30-18g00",2026-06-01,15:30,18:00,150,20260601_4,DiAn_Trưởng HĐ,CB029,Thứ 2,Cơ sở 2
"Thứ 2, 01/06/2026, Ca 5: 18g15-20g45",2026-06-01,18:15,20:45,150,20260601_5,LTK_CBCT,CB005,Thứ 2,Cơ sở 1
"Thứ 3, 02/06/2026, Ca 1: 07g00-09g30",2026-06-02,07:00,09:30,150,20260602_1,DiAn_Trưởng HĐ,CB027,Thứ 3,Cơ sở 2
"Thứ 3, 02/06/2026, Ca 2: 09g30-12g00",2026-06-02,09:30,12:00,150,20260602_2,DiAn_CBCT,CB011,Thứ 3,Cơ sở 2
"Thứ 3, 02/06/2026, Ca 2: 09g30-12g00",2026-06-02,09:30,12:00,150,20260602_2,DiAn_CBCT,CB012,Thứ 3,Cơ sở 2
"Thứ 3, 02/06/2026, Ca 2: 09g30-12g00",2026-06-02,09:30,12:00,150,20260602_2,DiAn_CBCT,CB013,Thứ 3,Cơ sở 2
"Thứ 3, 02/06/2026, Ca 2: 09g30-12g00",2026-06-02,09:30,12:00,150,20260602_2,DiAn_CBCT,CB047,Thứ 3,Cơ sở 2
"Thứ 3, 02/06/2026, Ca 2: 09g30-12g00",2026-06-02,09:30,12:00,150,20260602_2,DiAn_CBCT,CB015,Thứ 3,Cơ sở 2
"Thứ 3, 02/06/2026, Ca 2: 09g30-12g00",2026-06-02,09:30,12:00,150,20260602_2,DiAn_CBCT,CB016,Thứ 3,Cơ sở 2
"Thứ 3, 02/06/2026, Ca 2: 09g30-12g00",2026-06-02,09:30,12:00,150,20260602_2,DiAn_CBCT,CB017,Thứ 3,Cơ sở 2
"Thứ 3, 02/06/2026, Ca 2: 09g30-12g00",2026-06-02,09:30,12:00,150,20260602_2,DiAn_CBCT,CB018,Thứ 3,Cơ sở 2
"Thứ 3, 02/06/2026, Ca 2: 09g30-12g00",2026-06-02,09:30,12:00,150,20260602_2,DiAn_CBCT,CB019,Thứ 3,Cơ sở 2
"Thứ 3, 02/06/2026, Ca 2: 09g30-12g00",2026-06-02,09:30,12:00,150,20260602_2,DiAn_CBCT,CB044,Thứ 3,Cơ sở 2
"Thứ 3, 02/06/2026, Ca 2: 09g30-12g00",2026-06-02,09:30,12:00,150,20260602_2,DiAn_CBCT,CB021,Thứ 3,Cơ sở 2
"Thứ 3, 02/06/2026, Ca 2: 09g30-12g00",2026-06-02,09:30,12:00,150,20260602_2,DiAn_CBCT,CB025,Thứ 3,Cơ sở 2
"Thứ 3, 02/06/2026, Ca 2: 09g30-12g00",2026-06-02,09:30,12:00,150,20260602_2,DiAn_CBCT,CB069,Thứ 3,Cơ sở 2
"Thứ 3, 02/06/2026, Ca 2: 09g30-12g00",2026-06-02,09:30,12:00,150,20260602_2,DiAn_CBCT,CB040,Thứ 3,Cơ sở 2
"Thứ 3, 02/06/2026, Ca 2: 09g30-12g00",2026-06-02,09:30,12:00,150,20260602_2,DiAn_CBCT,CB023,Thứ 3,Cơ sở 2
"Thứ 3, 02/06/2026, Ca 2: 09g30-12g00",2026-06-02,09:30,12:00,150,20260602_2,DiAn_CBCT,CB024,Thứ 3,Cơ sở 2
"Thứ 3, 02/06/2026, Ca 2: 09g30-12g00",2026-06-02,09:30,12:00,150,20260602_2,DiAn_CBCT,CB026,Thứ 3,Cơ sở 2
"Thứ 3, 02/06/2026, Ca 2: 09g30-12g00",2026-06-02,09:30,12:00,150,20260602_2,DiAn_CBCT,CB030,Thứ 3,Cơ sở 2
"Thứ 3, 02/06/2026, Ca 2: 09g30-12g00",2026-06-02,09:30,12:00,150,20260602_2,DiAn_CBCT,CB031,Thứ 3,Cơ sở 2
"Thứ 3, 02/06/2026, Ca 2: 09g30-12g00",2026-06-02,09:30,12:00,150,20260602_2,DiAn_CBCT,CB045,Thứ 3,Cơ sở 2
"Thứ 3, 02/06/2026, Ca 2: 09g30-12g00",2026-06-02,09:30,12:00,150,20260602_2,DiAn_CBCT,CB033,Thứ 3,Cơ sở 2
"Thứ 3, 02/06/2026, Ca 2: 09g30-12g00",2026-06-02,09:30,12:00,150,20260602_2,DiAn_CBCT,CB034,Thứ 3,Cơ sở 2
"Thứ 3, 02/06/2026, Ca 2: 09g30-12g00",2026-06-02,09:30,12:00,150,20260602_2,DiAn_CBCT,CB035,Thứ 3,Cơ sở 2
"Thứ 3, 02/06/2026, Ca 2: 09g30-12g00",2026-06-02,09:30,12:00,150,20260602_2,DiAn_CBCT,CB036,Thứ 3,Cơ sở 2
"Thứ 3, 02/06/2026, Ca 2: 09g30-12g00",2026-06-02,09:30,12:00,150,20260602_2,DiAn_CBCT,CB037,Thứ 3,Cơ sở 2
"Thứ 3, 02/06/2026, Ca 2: 09g30-12g00",2026-06-02,09:30,12:00,150,20260602_2,DiAn_CBCT,CB038,Thứ 3,Cơ sở 2
"Thứ 3, 02/06/2026, Ca 2: 09g30-12g00",2026-06-02,09:30,12:00,150,20260602_2,DiAn_CBCT,CB068,Thứ 3,Cơ sở 2
"Thứ 3, 02/06/2026, Ca 2: 09g30-12g00",2026-06-02,09:30,12:00,150,20260602_2,DiAn_CBCT,CB070,Thứ 3,Cơ sở 2
"Thứ 3, 02/06/2026, Ca 2: 09g30-12g00",2026-06-02,09:30,12:00,150,20260602_2,DiAn_CBCT,CB051,Thứ 3,Cơ sở 2
"Thứ 3, 02/06/2026, Ca 2: 09g30-12g00",2026-06-02,09:30,12:00,150,20260602_2,DiAn_CBCT,CB071,Thứ 3,Cơ sở 2
"Thứ 3, 02/06/2026, Ca 2: 09g30-12g00",2026-06-02,09:30,12:00,150,20260602_2,DiAn_Thư ký,CB042,Thứ 3,Cơ sở 2
"Thứ 3, 02/06/2026, Ca 2: 09g30-12g00",2026-06-02,09:30,12:00,150,20260602_2,DiAn_Trưởng HĐ,CB027,Thứ 3,Cơ sở 2
"Thứ 3, 02/06/2026, Ca 3: 13g00-15g30",2026-06-02,13:00,15:30,150,20260602_3,DiAn_CBCT,CB067,Thứ 3,Cơ sở 2
"Thứ 3, 02/06/2026, Ca 3: 13g00-15g30",2026-06-02,13:00,15:30,150,20260602_3,DiAn_CBCT,CB012,Thứ 3,Cơ sở 2
"Thứ 3, 02/06/2026, Ca 3: 13g00-15g30",2026-06-02,13:00,15:30,150,20260602_3,DiAn_CBCT,CB013,Thứ 3,Cơ sở 2
"Thứ 3, 02/06/2026, Ca 3: 13g00-15g30",2026-06-02,13:00,15:30,150,20260602_3,DiAn_CBCT,CB047,Thứ 3,Cơ sở 2
"Thứ 3, 02/06/2026, Ca 3: 13g00-15g30",2026-06-02,13:00,15:30,150,20260602_3,DiAn_CBCT,CB015,Thứ 3,Cơ sở 2
"Thứ 3, 02/06/2026, Ca 3: 13g00-15g30",2026-06-02,13:00,15:30,150,20260602_3,DiAn_CBCT,CB016,Thứ 3,Cơ sở 2
"Thứ 3, 02/06/2026, Ca 3: 13g00-15g30",2026-06-02,13:00,15:30,150,20260602_3,DiAn_CBCT,CB017,Thứ 3,Cơ sở 2
"Thứ 3, 02/06/2026, Ca 3: 13g00-15g30",2026-06-02,13:00,15:30,150,20260602_3,DiAn_CBCT,CB018,Thứ 3,Cơ sở 2
"Thứ 3, 02/06/2026, Ca 3: 13g00-15g30",2026-06-02,13:00,15:30,150,20260602_3,DiAn_CBCT,CB019,Thứ 3,Cơ sở 2
"Thứ 3, 02/06/2026, Ca 3: 13g00-15g30",2026-06-02,13:00,15:30,150,20260602_3,DiAn_CBCT,CB044,Thứ 3,Cơ sở 2
"Thứ 3, 02/06/2026, Ca 3: 13g00-15g30",2026-06-02,13:00,15:30,150,20260602_3,DiAn_CBCT,CB021,Thứ 3,Cơ sở 2
"Thứ 3, 02/06/2026, Ca 3: 13g00-15g30",2026-06-02,13:00,15:30,150,20260602_3,DiAn_CBCT,CB025,Thứ 3,Cơ sở 2
"Thứ 3, 02/06/2026, Ca 3: 13g00-15g30",2026-06-02,13:00,15:30,150,20260602_3,DiAn_CBCT,CB069,Thứ 3,Cơ sở 2
"Thứ 3, 02/06/2026, Ca 3: 13g00-15g30",2026-06-02,13:00,15:30,150,20260602_3,DiAn_CBCT,CB040,Thứ 3,Cơ sở 2
"Thứ 3, 02/06/2026, Ca 3: 13g00-15g30",2026-06-02,13:00,15:30,150,20260602_3,DiAn_CBCT,CB023,Thứ 3,Cơ sở 2
"Thứ 3, 02/06/2026, Ca 3: 13g00-15g30",2026-06-02,13:00,15:30,150,20260602_3,DiAn_CBCT,CB024,Thứ 3,Cơ sở 2
"Thứ 3, 02/06/2026, Ca 3: 13g00-15g30",2026-06-02,13:00,15:30,150,20260602_3,DiAn_CBCT,CB026,Thứ 3,Cơ sở 2
"Thứ 3, 02/06/2026, Ca 3: 13g00-15g30",2026-06-02,13:00,15:30,150,20260602_3,DiAn_CBCT,CB030,Thứ 3,Cơ sở 2
"Thứ 3, 02/06/2026, Ca 3: 13g00-15g30",2026-06-02,13:00,15:30,150,20260602_3,DiAn_CBCT,CB031,Thứ 3,Cơ sở 2
"Thứ 3, 02/06/2026, Ca 3: 13g00-15g30",2026-06-02,13:00,15:30,150,20260602_3,DiAn_CBCT,CB045,Thứ 3,Cơ sở 2
"Thứ 3, 02/06/2026, Ca 3: 13g00-15g30",2026-06-02,13:00,15:30,150,20260602_3,DiAn_CBCT,CB033,Thứ 3,Cơ sở 2
"Thứ 3, 02/06/2026, Ca 3: 13g00-15g30",2026-06-02,13:00,15:30,150,20260602_3,DiAn_CBCT,CB034,Thứ 3,Cơ sở 2
"Thứ 3, 02/06/2026, Ca 3: 13g00-15g30",2026-06-02,13:00,15:30,150,20260602_3,DiAn_CBCT,CB035,Thứ 3,Cơ sở 2
"Thứ 3, 02/06/2026, Ca 3: 13g00-15g30",2026-06-02,13:00,15:30,150,20260602_3,DiAn_CBCT,CB036,Thứ 3,Cơ sở 2
"Thứ 3, 02/06/2026, Ca 3: 13g00-15g30",2026-06-02,13:00,15:30,150,20260602_3,DiAn_CBCT,CB037,Thứ 3,Cơ sở 2
"Thứ 3, 02/06/2026, Ca 3: 13g00-15g30",2026-06-02,13:00,15:30,150,20260602_3,DiAn_CBCT,CB038,Thứ 3,Cơ sở 2
"Thứ 3, 02/06/2026, Ca 3: 13g00-15g30",2026-06-02,13:00,15:30,150,20260602_3,DiAn_CBCT,CB068,Thứ 3,Cơ sở 2
"Thứ 3, 02/06/2026, Ca 3: 13g00-15g30",2026-06-02,13:00,15:30,150,20260602_3,DiAn_CBCT,CB070,Thứ 3,Cơ sở 2
"Thứ 3, 02/06/2026, Ca 3: 13g00-15g30",2026-06-02,13:00,15:30,150,20260602_3,DiAn_CBCT,CB051,Thứ 3,Cơ sở 2
"Thứ 3, 02/06/2026, Ca 3: 13g00-15g30",2026-06-02,13:00,15:30,150,20260602_3,DiAn_CBCT,CB071,Thứ 3,Cơ sở 2
"Thứ 3, 02/06/2026, Ca 3: 13g00-15g30",2026-06-02,13:00,15:30,150,20260602_3,DiAn_Thư ký,CB042,Thứ 3,Cơ sở 2
"Thứ 3, 02/06/2026, Ca 3: 13g00-15g30",2026-06-02,13:00,15:30,150,20260602_3,DiAn_Trưởng HĐ,CB011,Thứ 3,Cơ sở 2
"Thứ 3, 02/06/2026, Ca 4: 15g30-18g00",2026-06-02,15:30,18:00,150,20260602_4,DiAn_CBCT,CB040,Thứ 3,Cơ sở 2
"Thứ 3, 02/06/2026, Ca 4: 15g30-18g00",2026-06-02,15:30,18:00,150,20260602_4,DiAn_CBCT,CB023,Thứ 3,Cơ sở 2
"Thứ 3, 02/06/2026, Ca 4: 15g30-18g00",2026-06-02,15:30,18:00,150,20260602_4,DiAn_CBCT,CB030,Thứ 3,Cơ sở 2
"Thứ 3, 02/06/2026, Ca 4: 15g30-18g00",2026-06-02,15:30,18:00,150,20260602_4,DiAn_CBCT,CB031,Thứ 3,Cơ sở 2
"Thứ 3, 02/06/2026, Ca 4: 15g30-18g00",2026-06-02,15:30,18:00,150,20260602_4,DiAn_CBCT,CB045,Thứ 3,Cơ sở 2
"Thứ 3, 02/06/2026, Ca 4: 15g30-18g00",2026-06-02,15:30,18:00,150,20260602_4,DiAn_CBCT,CB033,Thứ 3,Cơ sở 2
"Thứ 3, 02/06/2026, Ca 4: 15g30-18g00",2026-06-02,15:30,18:00,150,20260602_4,DiAn_CBCT,CB034,Thứ 3,Cơ sở 2
"Thứ 3, 02/06/2026, Ca 4: 15g30-18g00",2026-06-02,15:30,18:00,150,20260602_4,DiAn_CBCT,CB035,Thứ 3,Cơ sở 2
"Thứ 3, 02/06/2026, Ca 4: 15g30-18g00",2026-06-02,15:30,18:00,150,20260602_4,DiAn_CBCT,CB036,Thứ 3,Cơ sở 2
"Thứ 3, 02/06/2026, Ca 4: 15g30-18g00",2026-06-02,15:30,18:00,150,20260602_4,DiAn_CBCT,CB037,Thứ 3,Cơ sở 2
"Thứ 3, 02/06/2026, Ca 4: 15g30-18g00",2026-06-02,15:30,18:00,150,20260602_4,DiAn_CBCT,CB038,Thứ 3,Cơ sở 2
"Thứ 3, 02/06/2026, Ca 4: 15g30-18g00",2026-06-02,15:30,18:00,150,20260602_4,DiAn_CBCT,CB070,Thứ 3,Cơ sở 2
"Thứ 3, 02/06/2026, Ca 4: 15g30-18g00",2026-06-02,15:30,18:00,150,20260602_4,DiAn_CBCT,CB069,Thứ 3,Cơ sở 2
"Thứ 3, 02/06/2026, Ca 4: 15g30-18g00",2026-06-02,15:30,18:00,150,20260602_4,DiAn_Thư ký,CB042,Thứ 3,Cơ sở 2
"Thứ 3, 02/06/2026, Ca 4: 15g30-18g00",2026-06-02,15:30,18:00,150,20260602_4,DiAn_Trưởng HĐ,CB011,Thứ 3,Cơ sở 2
"Thứ 3, 02/06/2026, Ca 5: 18g15-20g45",2026-06-02,18:15,20:45,150,20260602_5,LTK_CBCT,CB003,Thứ 3,Cơ sở 1
"Thứ 3, 02/06/2026, Ca 5: 18g15-20g45",2026-06-02,18:15,20:45,150,20260602_5,LTK_CBCT,CB005,Thứ 3,Cơ sở 1
"Thứ 4, 03/06/2026, Ca 1: 07g00-09g30",2026-06-03,07:00,09:30,150,20260603_1,DiAn_CBCT,CB043,Thứ 4,Cơ sở 2
"Thứ 4, 03/06/2026, Ca 1: 07g00-09g30",2026-06-03,07:00,09:30,150,20260603_1,DiAn_CBCT,CB039,Thứ 4,Cơ sở 2
"Thứ 4, 03/06/2026, Ca 1: 07g00-09g30",2026-06-03,07:00,09:30,150,20260603_1,DiAn_CBCT,CB071,Thứ 4,Cơ sở 2
"Thứ 4, 03/06/2026, Ca 1: 07g00-09g30",2026-06-03,07:00,09:30,150,20260603_1,DiAn_CBCT,CB018,Thứ 4,Cơ sở 2
"Thứ 4, 03/06/2026, Ca 1: 07g00-09g30",2026-06-03,07:00,09:30,150,20260603_1,DiAn_CBCT,CB034,Thứ 4,Cơ sở 2
"Thứ 4, 03/06/2026, Ca 1: 07g00-09g30",2026-06-03,07:00,09:30,150,20260603_1,DiAn_CBCT,CB046,Thứ 4,Cơ sở 2
"Thứ 4, 03/06/2026, Ca 1: 07g00-09g30",2026-06-03,07:00,09:30,150,20260603_1,DiAn_CBCT,CB067,Thứ 4,Cơ sở 2
"Thứ 4, 03/06/2026, Ca 1: 07g00-09g30",2026-06-03,07:00,09:30,150,20260603_1,DiAn_CBCT,CB008,Thứ 4,Cơ sở 2
"Thứ 4, 03/06/2026, Ca 1: 07g00-09g30",2026-06-03,07:00,09:30,150,20260603_1,DiAn_CBCT,CB048,Thứ 4,Cơ sở 2
"Thứ 4, 03/06/2026, Ca 1: 07g00-09g30",2026-06-03,07:00,09:30,150,20260603_1,DiAn_CBCT,CB041,Thứ 4,Cơ sở 2
"Thứ 4, 03/06/2026, Ca 1: 07g00-09g30",2026-06-03,07:00,09:30,150,20260603_1,DiAn_CBCT,CB020,Thứ 4,Cơ sở 2
"Thứ 4, 03/06/2026, Ca 1: 07g00-09g30",2026-06-03,07:00,09:30,150,20260603_1,DiAn_CBCT,CB050,Thứ 4,Cơ sở 2
"Thứ 4, 03/06/2026, Ca 1: 07g00-09g30",2026-06-03,07:00,09:30,150,20260603_1,DiAn_CBCT,CB022,Thứ 4,Cơ sở 2
"Thứ 4, 03/06/2026, Ca 1: 07g00-09g30",2026-06-03,07:00,09:30,150,20260603_1,DiAn_CBCT,CB051,Thứ 4,Cơ sở 2
"Thứ 4, 03/06/2026, Ca 1: 07g00-09g30",2026-06-03,07:00,09:30,150,20260603_1,DiAn_CBCT,CB026,Thứ 4,Cơ sở 2
"Thứ 4, 03/06/2026, Ca 1: 07g00-09g30",2026-06-03,07:00,09:30,150,20260603_1,DiAn_CBCT,CB052,Thứ 4,Cơ sở 2
"Thứ 4, 03/06/2026, Ca 1: 07g00-09g30",2026-06-03,07:00,09:30,150,20260603_1,DiAn_CBCT,CB053,Thứ 4,Cơ sở 2
"Thứ 4, 03/06/2026, Ca 1: 07g00-09g30",2026-06-03,07:00,09:30,150,20260603_1,DiAn_CBCT,CB054,Thứ 4,Cơ sở 2
"Thứ 4, 03/06/2026, Ca 1: 07g00-09g30",2026-06-03,07:00,09:30,150,20260603_1,DiAn_CBCT,CB055,Thứ 4,Cơ sở 2
"Thứ 4, 03/06/2026, Ca 1: 07g00-09g30",2026-06-03,07:00,09:30,150,20260603_1,DiAn_CBCT,CB056,Thứ 4,Cơ sở 2
"Thứ 4, 03/06/2026, Ca 1: 07g00-09g30",2026-06-03,07:00,09:30,150,20260603_1,DiAn_CBCT,CB014,Thứ 4,Cơ sở 2
"Thứ 4, 03/06/2026, Ca 1: 07g00-09g30",2026-06-03,07:00,09:30,150,20260603_1,DiAn_CBCT,CB057,Thứ 4,Cơ sở 2
"Thứ 4, 03/06/2026, Ca 1: 07g00-09g30",2026-06-03,07:00,09:30,150,20260603_1,DiAn_CBCT,CB058,Thứ 4,Cơ sở 2
"Thứ 4, 03/06/2026, Ca 1: 07g00-09g30",2026-06-03,07:00,09:30,150,20260603_1,DiAn_CBCT,CB059,Thứ 4,Cơ sở 2
"Thứ 4, 03/06/2026, Ca 1: 07g00-09g30",2026-06-03,07:00,09:30,150,20260603_1,DiAn_CBCT,CB060,Thứ 4,Cơ sở 2
"Thứ 4, 03/06/2026, Ca 1: 07g00-09g30",2026-06-03,07:00,09:30,150,20260603_1,DiAn_CBCT,CB061,Thứ 4,Cơ sở 2
"Thứ 4, 03/06/2026, Ca 1: 07g00-09g30",2026-06-03,07:00,09:30,150,20260603_1,DiAn_CBCT,CB062,Thứ 4,Cơ sở 2
"Thứ 4, 03/06/2026, Ca 1: 07g00-09g30",2026-06-03,07:00,09:30,150,20260603_1,DiAn_CBCT,CB030,Thứ 4,Cơ sở 2
"Thứ 4, 03/06/2026, Ca 1: 07g00-09g30",2026-06-03,07:00,09:30,150,20260603_1,DiAn_CBCT,CB025,Thứ 4,Cơ sở 2
"Thứ 4, 03/06/2026, Ca 1: 07g00-09g30",2026-06-03,07:00,09:30,150,20260603_1,DiAn_CBCT,CB065,Thứ 4,Cơ sở 2
"Thứ 4, 03/06/2026, Ca 1: 07g00-09g30",2026-06-03,07:00,09:30,150,20260603_1,DiAn_Thư ký,CB063,Thứ 4,Cơ sở 2
"Thứ 4, 03/06/2026, Ca 2: 09g30-12g00",2026-06-03,09:30,12:00,150,20260603_2,DiAn_CBCT,CB043,Thứ 4,Cơ sở 2
"Thứ 4, 03/06/2026, Ca 2: 09g30-12g00",2026-06-03,09:30,12:00,150,20260603_2,DiAn_CBCT,CB039,Thứ 4,Cơ sở 2
"Thứ 4, 03/06/2026, Ca 2: 09g30-12g00",2026-06-03,09:30,12:00,150,20260603_2,DiAn_CBCT,CB071,Thứ 4,Cơ sở 2
"Thứ 4, 03/06/2026, Ca 2: 09g30-12g00",2026-06-03,09:30,12:00,150,20260603_2,DiAn_CBCT,CB018,Thứ 4,Cơ sở 2
"Thứ 4, 03/06/2026, Ca 2: 09g30-12g00",2026-06-03,09:30,12:00,150,20260603_2,DiAn_CBCT,CB034,Thứ 4,Cơ sở 2
"Thứ 4, 03/06/2026, Ca 2: 09g30-12g00",2026-06-03,09:30,12:00,150,20260603_2,DiAn_CBCT,CB046,Thứ 4,Cơ sở 2
"Thứ 4, 03/06/2026, Ca 2: 09g30-12g00",2026-06-03,09:30,12:00,150,20260603_2,DiAn_CBCT,CB067,Thứ 4,Cơ sở 2
"Thứ 4, 03/06/2026, Ca 2: 09g30-12g00",2026-06-03,09:30,12:00,150,20260603_2,DiAn_CBCT,CB008,Thứ 4,Cơ sở 2
"Thứ 4, 03/06/2026, Ca 2: 09g30-12g00",2026-06-03,09:30,12:00,150,20260603_2,DiAn_CBCT,CB048,Thứ 4,Cơ sở 2
"Thứ 4, 03/06/2026, Ca 2: 09g30-12g00",2026-06-03,09:30,12:00,150,20260603_2,DiAn_CBCT,CB041,Thứ 4,Cơ sở 2
"Thứ 4, 03/06/2026, Ca 2: 09g30-12g00",2026-06-03,09:30,12:00,150,20260603_2,DiAn_CBCT,CB020,Thứ 4,Cơ sở 2
"Thứ 4, 03/06/2026, Ca 2: 09g30-12g00",2026-06-03,09:30,12:00,150,20260603_2,DiAn_CBCT,CB050,Thứ 4,Cơ sở 2
"Thứ 4, 03/06/2026, Ca 2: 09g30-12g00",2026-06-03,09:30,12:00,150,20260603_2,DiAn_CBCT,CB022,Thứ 4,Cơ sở 2
"Thứ 4, 03/06/2026, Ca 2: 09g30-12g00",2026-06-03,09:30,12:00,150,20260603_2,DiAn_CBCT,CB051,Thứ 4,Cơ sở 2
"Thứ 4, 03/06/2026, Ca 2: 09g30-12g00",2026-06-03,09:30,12:00,150,20260603_2,DiAn_CBCT,CB026,Thứ 4,Cơ sở 2
"Thứ 4, 03/06/2026, Ca 2: 09g30-12g00",2026-06-03,09:30,12:00,150,20260603_2,DiAn_CBCT,CB052,Thứ 4,Cơ sở 2
"Thứ 4, 03/06/2026, Ca 2: 09g30-12g00",2026-06-03,09:30,12:00,150,20260603_2,DiAn_CBCT,CB053,Thứ 4,Cơ sở 2
"Thứ 4, 03/06/2026, Ca 2: 09g30-12g00",2026-06-03,09:30,12:00,150,20260603_2,DiAn_CBCT,CB054,Thứ 4,Cơ sở 2
"Thứ 4, 03/06/2026, Ca 2: 09g30-12g00",2026-06-03,09:30,12:00,150,20260603_2,DiAn_CBCT,CB055,Thứ 4,Cơ sở 2
"Thứ 4, 03/06/2026, Ca 2: 09g30-12g00",2026-06-03,09:30,12:00,150,20260603_2,DiAn_CBCT,CB056,Thứ 4,Cơ sở 2
"Thứ 4, 03/06/2026, Ca 2: 09g30-12g00",2026-06-03,09:30,12:00,150,20260603_2,DiAn_CBCT,CB014,Thứ 4,Cơ sở 2
"Thứ 4, 03/06/2026, Ca 2: 09g30-12g00",2026-06-03,09:30,12:00,150,20260603_2,DiAn_CBCT,CB057,Thứ 4,Cơ sở 2
"Thứ 4, 03/06/2026, Ca 2: 09g30-12g00",2026-06-03,09:30,12:00,150,20260603_2,DiAn_CBCT,CB058,Thứ 4,Cơ sở 2
"Thứ 4, 03/06/2026, Ca 2: 09g30-12g00",2026-06-03,09:30,12:00,150,20260603_2,DiAn_CBCT,CB059,Thứ 4,Cơ sở 2
"Thứ 4, 03/06/2026, Ca 2: 09g30-12g00",2026-06-03,09:30,12:00,150,20260603_2,DiAn_CBCT,CB060,Thứ 4,Cơ sở 2
"Thứ 4, 03/06/2026, Ca 2: 09g30-12g00",2026-06-03,09:30,12:00,150,20260603_2,DiAn_CBCT,CB061,Thứ 4,Cơ sở 2
"Thứ 4, 03/06/2026, Ca 2: 09g30-12g00",2026-06-03,09:30,12:00,150,20260603_2,DiAn_CBCT,CB062,Thứ 4,Cơ sở 2
"Thứ 4, 03/06/2026, Ca 2: 09g30-12g00",2026-06-03,09:30,12:00,150,20260603_2,DiAn_CBCT,CB030,Thứ 4,Cơ sở 2
"Thứ 4, 03/06/2026, Ca 2: 09g30-12g00",2026-06-03,09:30,12:00,150,20260603_2,DiAn_CBCT,CB025,Thứ 4,Cơ sở 2
"Thứ 4, 03/06/2026, Ca 2: 09g30-12g00",2026-06-03,09:30,12:00,150,20260603_2,DiAn_CBCT,CB065,Thứ 4,Cơ sở 2
"Thứ 4, 03/06/2026, Ca 2: 09g30-12g00",2026-06-03,09:30,12:00,150,20260603_2,DiAn_Thư ký,CB063,Thứ 4,Cơ sở 2
"Thứ 4, 03/06/2026, Ca 3: 13g00-15g30",2026-06-03,13:00,15:30,150,20260603_3,DiAn_CBCT,CB011,Thứ 4,Cơ sở 2
"Thứ 4, 03/06/2026, Ca 3: 13g00-15g30",2026-06-03,13:00,15:30,150,20260603_3,DiAn_CBCT,CB012,Thứ 4,Cơ sở 2
"Thứ 4, 03/06/2026, Ca 3: 13g00-15g30",2026-06-03,13:00,15:30,150,20260603_3,DiAn_CBCT,CB013,Thứ 4,Cơ sở 2
"Thứ 4, 03/06/2026, Ca 3: 13g00-15g30",2026-06-03,13:00,15:30,150,20260603_3,DiAn_CBCT,CB047,Thứ 4,Cơ sở 2
"Thứ 4, 03/06/2026, Ca 3: 13g00-15g30",2026-06-03,13:00,15:30,150,20260603_3,DiAn_CBCT,CB015,Thứ 4,Cơ sở 2
"Thứ 4, 03/06/2026, Ca 3: 13g00-15g30",2026-06-03,13:00,15:30,150,20260603_3,DiAn_CBCT,CB016,Thứ 4,Cơ sở 2
"Thứ 4, 03/06/2026, Ca 3: 13g00-15g30",2026-06-03,13:00,15:30,150,20260603_3,DiAn_CBCT,CB017,Thứ 4,Cơ sở 2
"Thứ 4, 03/06/2026, Ca 3: 13g00-15g30",2026-06-03,13:00,15:30,150,20260603_3,DiAn_CBCT,CB018,Thứ 4,Cơ sở 2
"Thứ 4, 03/06/2026, Ca 3: 13g00-15g30",2026-06-03,13:00,15:30,150,20260603_3,DiAn_CBCT,CB019,Thứ 4,Cơ sở 2
"Thứ 4, 03/06/2026, Ca 3: 13g00-15g30",2026-06-03,13:00,15:30,150,20260603_3,DiAn_CBCT,CB044,Thứ 4,Cơ sở 2
"Thứ 4, 03/06/2026, Ca 3: 13g00-15g30",2026-06-03,13:00,15:30,150,20260603_3,DiAn_CBCT,CB021,Thứ 4,Cơ sở 2
"Thứ 4, 03/06/2026, Ca 3: 13g00-15g30",2026-06-03,13:00,15:30,150,20260603_3,DiAn_CBCT,CB025,Thứ 4,Cơ sở 2
"Thứ 4, 03/06/2026, Ca 3: 13g00-15g30",2026-06-03,13:00,15:30,150,20260603_3,DiAn_CBCT,CB022,Thứ 4,Cơ sở 2
"Thứ 4, 03/06/2026, Ca 3: 13g00-15g30",2026-06-03,13:00,15:30,150,20260603_3,DiAn_CBCT,CB040,Thứ 4,Cơ sở 2
"Thứ 4, 03/06/2026, Ca 3: 13g00-15g30",2026-06-03,13:00,15:30,150,20260603_3,DiAn_CBCT,CB023,Thứ 4,Cơ sở 2
"Thứ 4, 03/06/2026, Ca 3: 13g00-15g30",2026-06-03,13:00,15:30,150,20260603_3,DiAn_CBCT,CB024,Thứ 4,Cơ sở 2
"Thứ 4, 03/06/2026, Ca 3: 13g00-15g30",2026-06-03,13:00,15:30,150,20260603_3,DiAn_CBCT,CB026,Thứ 4,Cơ sở 2
"Thứ 4, 03/06/2026, Ca 3: 13g00-15g30",2026-06-03,13:00,15:30,150,20260603_3,DiAn_CBCT,CB030,Thứ 4,Cơ sở 2
"Thứ 4, 03/06/2026, Ca 3: 13g00-15g30",2026-06-03,13:00,15:30,150,20260603_3,DiAn_CBCT,CB031,Thứ 4,Cơ sở 2
"Thứ 4, 03/06/2026, Ca 3: 13g00-15g30",2026-06-03,13:00,15:30,150,20260603_3,DiAn_CBCT,CB045,Thứ 4,Cơ sở 2
"Thứ 4, 03/06/2026, Ca 3: 13g00-15g30",2026-06-03,13:00,15:30,150,20260603_3,DiAn_CBCT,CB033,Thứ 4,Cơ sở 2
"Thứ 4, 03/06/2026, Ca 3: 13g00-15g30",2026-06-03,13:00,15:30,150,20260603_3,DiAn_CBCT,CB034,Thứ 4,Cơ sở 2
"Thứ 4, 03/06/2026, Ca 3: 13g00-15g30",2026-06-03,13:00,15:30,150,20260603_3,DiAn_CBCT,CB035,Thứ 4,Cơ sở 2
"Thứ 4, 03/06/2026, Ca 3: 13g00-15g30",2026-06-03,13:00,15:30,150,20260603_3,DiAn_CBCT,CB036,Thứ 4,Cơ sở 2
"Thứ 4, 03/06/2026, Ca 3: 13g00-15g30",2026-06-03,13:00,15:30,150,20260603_3,DiAn_CBCT,CB054,Thứ 4,Cơ sở 2
"Thứ 4, 03/06/2026, Ca 3: 13g00-15g30",2026-06-03,13:00,15:30,150,20260603_3,DiAn_CBCT,CB038,Thứ 4,Cơ sở 2
"Thứ 4, 03/06/2026, Ca 3: 13g00-15g30",2026-06-03,13:00,15:30,150,20260603_3,DiAn_CBCT,CB062,Thứ 4,Cơ sở 2
"Thứ 4, 03/06/2026, Ca 3: 13g00-15g30",2026-06-03,13:00,15:30,150,20260603_3,DiAn_CBCT,CB070,Thứ 4,Cơ sở 2
"Thứ 4, 03/06/2026, Ca 3: 13g00-15g30",2026-06-03,13:00,15:30,150,20260603_3,DiAn_CBCT,CB007,Thứ 4,Cơ sở 2
"Thứ 4, 03/06/2026, Ca 3: 13g00-15g30",2026-06-03,13:00,15:30,150,20260603_3,DiAn_CBCT,CB041,Thứ 4,Cơ sở 2
"Thứ 4, 03/06/2026, Ca 3: 13g00-15g30",2026-06-03,13:00,15:30,150,20260603_3,DiAn_Thư ký,CB042,Thứ 4,Cơ sở 2
"Thứ 4, 03/06/2026, Ca 4: 15g30-18g00",2026-06-03,15:30,18:00,150,20260603_4,DiAn_CBCT,CB012,Thứ 4,Cơ sở 2
"Thứ 4, 03/06/2026, Ca 4: 15g30-18g00",2026-06-03,15:30,18:00,150,20260603_4,DiAn_CBCT,CB013,Thứ 4,Cơ sở 2
"Thứ 4, 03/06/2026, Ca 4: 15g30-18g00",2026-06-03,15:30,18:00,150,20260603_4,DiAn_CBCT,CB047,Thứ 4,Cơ sở 2
"Thứ 4, 03/06/2026, Ca 4: 15g30-18g00",2026-06-03,15:30,18:00,150,20260603_4,DiAn_CBCT,CB015,Thứ 4,Cơ sở 2
"Thứ 4, 03/06/2026, Ca 4: 15g30-18g00",2026-06-03,15:30,18:00,150,20260603_4,DiAn_CBCT,CB016,Thứ 4,Cơ sở 2
"Thứ 4, 03/06/2026, Ca 4: 15g30-18g00",2026-06-03,15:30,18:00,150,20260603_4,DiAn_CBCT,CB017,Thứ 4,Cơ sở 2
"Thứ 4, 03/06/2026, Ca 4: 15g30-18g00",2026-06-03,15:30,18:00,150,20260603_4,DiAn_CBCT,CB019,Thứ 4,Cơ sở 2
"Thứ 4, 03/06/2026, Ca 4: 15g30-18g00",2026-06-03,15:30,18:00,150,20260603_4,DiAn_CBCT,CB021,Thứ 4,Cơ sở 2
"Thứ 4, 03/06/2026, Ca 4: 15g30-18g00",2026-06-03,15:30,18:00,150,20260603_4,DiAn_CBCT,CB022,Thứ 4,Cơ sở 2
"Thứ 4, 03/06/2026, Ca 4: 15g30-18g00",2026-06-03,15:30,18:00,150,20260603_4,DiAn_CBCT,CB040,Thứ 4,Cơ sở 2
"Thứ 4, 03/06/2026, Ca 4: 15g30-18g00",2026-06-03,15:30,18:00,150,20260603_4,DiAn_CBCT,CB023,Thứ 4,Cơ sở 2
"Thứ 4, 03/06/2026, Ca 4: 15g30-18g00",2026-06-03,15:30,18:00,150,20260603_4,DiAn_CBCT,CB024,Thứ 4,Cơ sở 2
"Thứ 4, 03/06/2026, Ca 4: 15g30-18g00",2026-06-03,15:30,18:00,150,20260603_4,DiAn_CBCT,CB026,Thứ 4,Cơ sở 2
"Thứ 4, 03/06/2026, Ca 4: 15g30-18g00",2026-06-03,15:30,18:00,150,20260603_4,DiAn_CBCT,CB031,Thứ 4,Cơ sở 2
"Thứ 4, 03/06/2026, Ca 4: 15g30-18g00",2026-06-03,15:30,18:00,150,20260603_4,DiAn_CBCT,CB045,Thứ 4,Cơ sở 2
"Thứ 4, 03/06/2026, Ca 4: 15g30-18g00",2026-06-03,15:30,18:00,150,20260603_4,DiAn_CBCT,CB033,Thứ 4,Cơ sở 2
"Thứ 4, 03/06/2026, Ca 4: 15g30-18g00",2026-06-03,15:30,18:00,150,20260603_4,DiAn_CBCT,CB035,Thứ 4,Cơ sở 2
"Thứ 4, 03/06/2026, Ca 4: 15g30-18g00",2026-06-03,15:30,18:00,150,20260603_4,DiAn_CBCT,CB036,Thứ 4,Cơ sở 2
"Thứ 4, 03/06/2026, Ca 4: 15g30-18g00",2026-06-03,15:30,18:00,150,20260603_4,DiAn_CBCT,CB038,Thứ 4,Cơ sở 2
"Thứ 4, 03/06/2026, Ca 4: 15g30-18g00",2026-06-03,15:30,18:00,150,20260603_4,DiAn_CBCT,CB070,Thứ 4,Cơ sở 2
"Thứ 4, 03/06/2026, Ca 4: 15g30-18g00",2026-06-03,15:30,18:00,150,20260603_4,DiAn_Thư ký,CB007,Thứ 4,Cơ sở 2
"Thứ 5, 04/06/2026, Ca 1: 07g00-09g30",2026-06-04,07:00,09:30,150,20260604_1,DiAn_CBCT,CB038,Thứ 5,Cơ sở 2
"Thứ 5, 04/06/2026, Ca 1: 07g00-09g30",2026-06-04,07:00,09:30,150,20260604_1,DiAn_CBCT,CB007,Thứ 5,Cơ sở 2
"Thứ 5, 04/06/2026, Ca 1: 07g00-09g30",2026-06-04,07:00,09:30,150,20260604_1,DiAn_CBCT,CB043,Thứ 5,Cơ sở 2
"Thứ 5, 04/06/2026, Ca 1: 07g00-09g30",2026-06-04,07:00,09:30,150,20260604_1,DiAn_CBCT,CB008,Thứ 5,Cơ sở 2
"Thứ 5, 04/06/2026, Ca 1: 07g00-09g30",2026-06-04,07:00,09:30,150,20260604_1,DiAn_CBCT,CB053,Thứ 5,Cơ sở 2
"Thứ 5, 04/06/2026, Ca 1: 07g00-09g30",2026-06-04,07:00,09:30,150,20260604_1,DiAn_CBCT,CB056,Thứ 5,Cơ sở 2
"Thứ 5, 04/06/2026, Ca 1: 07g00-09g30",2026-06-04,07:00,09:30,150,20260604_1,DiAn_CBCT,CB014,Thứ 5,Cơ sở 2
"Thứ 5, 04/06/2026, Ca 1: 07g00-09g30",2026-06-04,07:00,09:30,150,20260604_1,DiAn_CBCT,CB058,Thứ 5,Cơ sở 2
"Thứ 5, 04/06/2026, Ca 1: 07g00-09g30",2026-06-04,07:00,09:30,150,20260604_1,DiAn_CBCT,CB062,Thứ 5,Cơ sở 2
"Thứ 5, 04/06/2026, Ca 1: 07g00-09g30",2026-06-04,07:00,09:30,150,20260604_1,DiAn_Thư ký,CB042,Thứ 5,Cơ sở 2
"Thứ 5, 04/06/2026, Ca 2: 09g30-12g00",2026-06-04,09:30,12:00,150,20260604_2,DiAn_Thư ký,CB062,Thứ 5,Cơ sở 2
"Thứ 5, 04/06/2026, Ca 2: 09g30-12g00",2026-06-04,09:30,12:00,150,20260604_2,DiAn_Thư ký,CB042,Thứ 5,Cơ sở 2
"Thứ 5, 04/06/2026, Ca 2: 09g30-12g00",2026-06-04,09:30,12:00,150,20260604_2,DiAn_Thư ký,CB053,Thứ 5,Cơ sở 2
"Thứ 5, 04/06/2026, Ca 2: 09g30-12g00",2026-06-04,09:30,12:00,150,20260604_2,DiAn_Thư ký,CB056,Thứ 5,Cơ sở 2
"Thứ 5, 04/06/2026, Ca 2: 09g30-12g00",2026-06-04,09:30,12:00,150,20260604_2,LTK_CBCT,CB031,Thứ 5,Cơ sở 1
"Thứ 5, 04/06/2026, Ca 2: 09g30-12g00",2026-06-04,09:30,12:00,150,20260604_2,LTK_CBCT,CB034,Thứ 5,Cơ sở 1
"Thứ 5, 04/06/2026, Ca 2: 09g30-12g00",2026-06-04,09:30,12:00,150,20260604_2,LTK_CBCT,CB041,Thứ 5,Cơ sở 1
"Thứ 5, 04/06/2026, Ca 2: 09g30-12g00",2026-06-04,09:30,12:00,150,20260604_2,LTK_CBCT,CB060,Thứ 5,Cơ sở 1
"Thứ 5, 04/06/2026, Ca 2: 09g30-12g00",2026-06-04,09:30,12:00,150,20260604_2,LTK_Thư ký,CB017,Thứ 5,Cơ sở 1
"Thứ 5, 04/06/2026, Ca 2: 09g30-12g00",2026-06-04,09:30,12:00,150,20260604_2,LTK_Thư ký,CB016,Thứ 5,Cơ sở 1
"Thứ 5, 04/06/2026, Ca 2: 09g30-12g00",2026-06-04,09:30,12:00,150,20260604_2,LTK_Thư ký,CB024,Thứ 5,Cơ sở 1
"Thứ 5, 04/06/2026, Ca 3: 13g00-15g30",2026-06-04,13:00,15:30,150,20260604_3,DiAn_Thư ký,CB053,Thứ 5,Cơ sở 2
"Thứ 5, 04/06/2026, Ca 3: 13g00-15g30",2026-06-04,13:00,15:30,150,20260604_3,DiAn_Thư ký,CB056,Thứ 5,Cơ sở 2
"Thứ 6, 05/06/2026, Ca 2: 09g30-12g00",2026-06-05,09:30,12:00,150,20260605_2,LTK_CBCT,CB070,Thứ 6,Cơ sở 1
"Thứ 6, 05/06/2026, Ca 2: 09g30-12g00",2026-06-05,09:30,12:00,150,20260605_2,LTK_CBCT,CB012,Thứ 6,Cơ sở 1
"Thứ 6, 05/06/2026, Ca 2: 09g30-12g00",2026-06-05,09:30,12:00,150,20260605_2,LTK_CBCT,CB013,Thứ 6,Cơ sở 1
"Thứ 6, 05/06/2026, Ca 2: 09g30-12g00",2026-06-05,09:30,12:00,150,20260605_2,LTK_CBCT,CB047,Thứ 6,Cơ sở 1
"Thứ 6, 05/06/2026, Ca 2: 09g30-12g00",2026-06-05,09:30,12:00,150,20260605_2,LTK_CBCT,CB015,Thứ 6,Cơ sở 1
"Thứ 6, 05/06/2026, Ca 2: 09g30-12g00",2026-06-05,09:30,12:00,150,20260605_2,LTK_CBCT,CB016,Thứ 6,Cơ sở 1
"Thứ 6, 05/06/2026, Ca 2: 09g30-12g00",2026-06-05,09:30,12:00,150,20260605_2,LTK_CBCT,CB017,Thứ 6,Cơ sở 1
"Thứ 6, 05/06/2026, Ca 2: 09g30-12g00",2026-06-05,09:30,12:00,150,20260605_2,LTK_CBCT,CB018,Thứ 6,Cơ sở 1
"Thứ 6, 05/06/2026, Ca 2: 09g30-12g00",2026-06-05,09:30,12:00,150,20260605_2,LTK_CBCT,CB019,Thứ 6,Cơ sở 1
"Thứ 6, 05/06/2026, Ca 2: 09g30-12g00",2026-06-05,09:30,12:00,150,20260605_2,LTK_CBCT,CB044,Thứ 6,Cơ sở 1
"Thứ 6, 05/06/2026, Ca 2: 09g30-12g00",2026-06-05,09:30,12:00,150,20260605_2,LTK_CBCT,CB021,Thứ 6,Cơ sở 1
"Thứ 6, 05/06/2026, Ca 2: 09g30-12g00",2026-06-05,09:30,12:00,150,20260605_2,LTK_CBCT,CB049,Thứ 6,Cơ sở 1
"Thứ 6, 05/06/2026, Ca 2: 09g30-12g00",2026-06-05,09:30,12:00,150,20260605_2,LTK_CBCT,CB040,Thứ 6,Cơ sở 1
"Thứ 6, 05/06/2026, Ca 2: 09g30-12g00",2026-06-05,09:30,12:00,150,20260605_2,LTK_CBCT,CB023,Thứ 6,Cơ sở 1
"Thứ 6, 05/06/2026, Ca 2: 09g30-12g00",2026-06-05,09:30,12:00,150,20260605_2,LTK_CBCT,CB024,Thứ 6,Cơ sở 1
"Thứ 6, 05/06/2026, Ca 2: 09g30-12g00",2026-06-05,09:30,12:00,150,20260605_2,LTK_CBCT,CB026,Thứ 6,Cơ sở 1
"Thứ 6, 05/06/2026, Ca 2: 09g30-12g00",2026-06-05,09:30,12:00,150,20260605_2,LTK_CBCT,CB030,Thứ 6,Cơ sở 1
"Thứ 6, 05/06/2026, Ca 2: 09g30-12g00",2026-06-05,09:30,12:00,150,20260605_2,LTK_CBCT,CB031,Thứ 6,Cơ sở 1
"Thứ 6, 05/06/2026, Ca 2: 09g30-12g00",2026-06-05,09:30,12:00,150,20260605_2,LTK_CBCT,CB045,Thứ 6,Cơ sở 1
"Thứ 6, 05/06/2026, Ca 2: 09g30-12g00",2026-06-05,09:30,12:00,150,20260605_2,LTK_CBCT,CB033,Thứ 6,Cơ sở 1
"Thứ 6, 05/06/2026, Ca 2: 09g30-12g00",2026-06-05,09:30,12:00,150,20260605_2,LTK_CBCT,CB061,Thứ 6,Cơ sở 1
"Thứ 6, 05/06/2026, Ca 2: 09g30-12g00",2026-06-05,09:30,12:00,150,20260605_2,LTK_CBCT,CB035,Thứ 6,Cơ sở 1
"Thứ 6, 05/06/2026, Ca 3: 13g00-15g30",2026-06-05,13:00,15:30,150,20260605_3,LTK_CBCT,CB036,Thứ 6,Cơ sở 1
"Thứ 6, 05/06/2026, Ca 3: 13g00-15g30",2026-06-05,13:00,15:30,150,20260605_3,LTK_CBCT,CB037,Thứ 6,Cơ sở 1
"Thứ 6, 05/06/2026, Ca 3: 13g00-15g30",2026-06-05,13:00,15:30,150,20260605_3,LTK_CBCT,CB012,Thứ 6,Cơ sở 1
"Thứ 6, 05/06/2026, Ca 3: 13g00-15g30",2026-06-05,13:00,15:30,150,20260605_3,LTK_CBCT,CB068,Thứ 6,Cơ sở 1
"Thứ 6, 05/06/2026, Ca 3: 13g00-15g30",2026-06-05,13:00,15:30,150,20260605_3,LTK_CBCT,CB011,Thứ 6,Cơ sở 1
"Thứ 6, 05/06/2026, Ca 3: 13g00-15g30",2026-06-05,13:00,15:30,150,20260605_3,LTK_CBCT,CB041,Thứ 6,Cơ sở 1
"Thứ 6, 05/06/2026, Ca 3: 13g00-15g30",2026-06-05,13:00,15:30,150,20260605_3,LTK_CBCT,CB016,Thứ 6,Cơ sở 1
"Thứ 6, 05/06/2026, Ca 3: 13g00-15g30",2026-06-05,13:00,15:30,150,20260605_3,LTK_CBCT,CB015,Thứ 6,Cơ sở 1
"Thứ 6, 05/06/2026, Ca 3: 13g00-15g30",2026-06-05,13:00,15:30,150,20260605_3,LTK_CBCT,CB071,Thứ 6,Cơ sở 1
"Thứ 6, 05/06/2026, Ca 3: 13g00-15g30",2026-06-05,13:00,15:30,150,20260605_3,LTK_CBCT,CB032,Thứ 6,Cơ sở 1
"Thứ 6, 05/06/2026, Ca 3: 13g00-15g30",2026-06-05,13:00,15:30,150,20260605_3,LTK_CBCT,CB046,Thứ 6,Cơ sở 1
"Thứ 6, 05/06/2026, Ca 3: 13g00-15g30",2026-06-05,13:00,15:30,150,20260605_3,LTK_CBCT,CB067,Thứ 6,Cơ sở 1
"Thứ 6, 05/06/2026, Ca 3: 13g00-15g30",2026-06-05,13:00,15:30,150,20260605_3,LTK_CBCT,CB048,Thứ 6,Cơ sở 1
"Thứ 6, 05/06/2026, Ca 3: 13g00-15g30",2026-06-05,13:00,15:30,150,20260605_3,LTK_CBCT,CB049,Thứ 6,Cơ sở 1
"Thứ 6, 05/06/2026, Ca 3: 13g00-15g30",2026-06-05,13:00,15:30,150,20260605_3,LTK_CBCT,CB020,Thứ 6,Cơ sở 1
"Thứ 6, 05/06/2026, Ca 3: 13g00-15g30",2026-06-05,13:00,15:30,150,20260605_3,LTK_CBCT,CB050,Thứ 6,Cơ sở 1
"Thứ 6, 05/06/2026, Ca 3: 13g00-15g30",2026-06-05,13:00,15:30,150,20260605_3,LTK_CBCT,CB069,Thứ 6,Cơ sở 1
"Thứ 6, 05/06/2026, Ca 3: 13g00-15g30",2026-06-05,13:00,15:30,150,20260605_3,LTK_CBCT,CB051,Thứ 6,Cơ sở 1
"Thứ 6, 05/06/2026, Ca 3: 13g00-15g30",2026-06-05,13:00,15:30,150,20260605_3,LTK_CBCT,CB022,Thứ 6,Cơ sở 1
"Thứ 6, 05/06/2026, Ca 3: 13g00-15g30",2026-06-05,13:00,15:30,150,20260605_3,LTK_CBCT,CB052,Thứ 6,Cơ sở 1
"Thứ 6, 05/06/2026, Ca 3: 13g00-15g30",2026-06-05,13:00,15:30,150,20260605_3,LTK_CBCT,CB054,Thứ 6,Cơ sở 1
"Thứ 6, 05/06/2026, Ca 3: 13g00-15g30",2026-06-05,13:00,15:30,150,20260605_3,LTK_CBCT,CB055,Thứ 6,Cơ sở 1
"Thứ 6, 05/06/2026, Ca 3: 13g00-15g30",2026-06-05,13:00,15:30,150,20260605_3,LTK_CBCT,CB057,Thứ 6,Cơ sở 1
"Thứ 6, 05/06/2026, Ca 3: 13g00-15g30",2026-06-05,13:00,15:30,150,20260605_3,LTK_CBCT,CB059,Thứ 6,Cơ sở 1
"Thứ 6, 05/06/2026, Ca 3: 13g00-15g30",2026-06-05,13:00,15:30,150,20260605_3,LTK_CBCT,CB060,Thứ 6,Cơ sở 1
"Thứ 6, 05/06/2026, Ca 3: 13g00-15g30",2026-06-05,13:00,15:30,150,20260605_3,LTK_CBCT,CB061,Thứ 6,Cơ sở 1
"Thứ 6, 05/06/2026, Ca 3: 13g00-15g30",2026-06-05,13:00,15:30,150,20260605_3,LTK_CBCT,CB028,Thứ 6,Cơ sở 1
"Thứ 6, 05/06/2026, Ca 3: 13g00-15g30",2026-06-05,13:00,15:30,150,20260605_3,LTK_CBCT,CB029,Thứ 6,Cơ sở 1
"Thứ 6, 05/06/2026, Ca 3: 13g00-15g30",2026-06-05,13:00,15:30,150,20260605_3,LTK_CBCT,CB017,Thứ 6,Cơ sở 1
"Thứ 6, 05/06/2026, Ca 3: 13g00-15g30",2026-06-05,13:00,15:30,150,20260605_3,LTK_CBCT,CB035,Thứ 6,Cơ sở 1
"Thứ 6, 05/06/2026, Ca 4: 15g30-18g00",2026-06-05,15:30,18:00,150,20260605_4,LTK_CBCT,CB059,Thứ 6,Cơ sở 1
"Thứ 6, 05/06/2026, Ca 4: 15g30-18g00",2026-06-05,15:30,18:00,150,20260605_4,LTK_CBCT,CB060,Thứ 6,Cơ sở 1
"Thứ 6, 05/06/2026, Ca 4: 15g30-18g00",2026-06-05,15:30,18:00,150,20260605_4,LTK_CBCT,CB061,Thứ 6,Cơ sở 1
"Thứ 6, 05/06/2026, Ca 4: 15g30-18g00",2026-06-05,15:30,18:00,150,20260605_4,LTK_CBCT,CB028,Thứ 6,Cơ sở 1
"Thứ 6, 05/06/2026, Ca 4: 15g30-18g00",2026-06-05,15:30,18:00,150,20260605_4,LTK_CBCT,CB069,Thứ 6,Cơ sở 1
"Thứ 2, 08/06/2026, Ca 2: 09g30-12g00",2026-06-08,09:30,12:00,150,20260608_2,LTK_CBCT,CB045,Thứ 2,Cơ sở 1
"Thứ 2, 08/06/2026, Ca 2: 09g30-12g00",2026-06-08,09:30,12:00,150,20260608_2,LTK_CBCT,CB037,Thứ 2,Cơ sở 1
"Thứ 2, 08/06/2026, Ca 2: 09g30-12g00",2026-06-08,09:30,12:00,150,20260608_2,LTK_CBCT,CB038,Thứ 2,Cơ sở 1
"Thứ 2, 08/06/2026, Ca 2: 09g30-12g00",2026-06-08,09:30,12:00,150,20260608_2,LTK_CBCT,CB068,Thứ 2,Cơ sở 1
"Thứ 2, 08/06/2026, Ca 2: 09g30-12g00",2026-06-08,09:30,12:00,150,20260608_2,LTK_CBCT,CB002,Thứ 2,Cơ sở 1
"Thứ 2, 08/06/2026, Ca 2: 09g30-12g00",2026-06-08,09:30,12:00,150,20260608_2,LTK_CBCT,CB044,Thứ 2,Cơ sở 1
"Thứ 2, 08/06/2026, Ca 2: 09g30-12g00",2026-06-08,09:30,12:00,150,20260608_2,LTK_CBCT,CB043,Thứ 2,Cơ sở 1
"Thứ 2, 08/06/2026, Ca 2: 09g30-12g00",2026-06-08,09:30,12:00,150,20260608_2,LTK_CBCT,CB039,Thứ 2,Cơ sở 1
"Thứ 2, 08/06/2026, Ca 2: 09g30-12g00",2026-06-08,09:30,12:00,150,20260608_2,LTK_CBCT,CB071,Thứ 2,Cơ sở 1
"Thứ 2, 08/06/2026, Ca 2: 09g30-12g00",2026-06-08,09:30,12:00,150,20260608_2,LTK_CBCT,CB035,Thứ 2,Cơ sở 1
"Thứ 2, 08/06/2026, Ca 2: 09g30-12g00",2026-06-08,09:30,12:00,150,20260608_2,LTK_CBCT,CB032,Thứ 2,Cơ sở 1
"Thứ 2, 08/06/2026, Ca 2: 09g30-12g00",2026-06-08,09:30,12:00,150,20260608_2,LTK_CBCT,CB011,Thứ 2,Cơ sở 1
"Thứ 2, 08/06/2026, Ca 2: 09g30-12g00",2026-06-08,09:30,12:00,150,20260608_2,LTK_CBCT,CB047,Thứ 2,Cơ sở 1
"Thứ 2, 08/06/2026, Ca 2: 09g30-12g00",2026-06-08,09:30,12:00,150,20260608_2,LTK_CBCT,CB072,Thứ 2,Cơ sở 1
"Thứ 2, 08/06/2026, Ca 2: 09g30-12g00",2026-06-08,09:30,12:00,150,20260608_2,LTK_CBCT,CB040,Thứ 2,Cơ sở 1
"Thứ 2, 08/06/2026, Ca 2: 09g30-12g00",2026-06-08,09:30,12:00,150,20260608_2,LTK_CBCT,CB020,Thứ 2,Cơ sở 1
"Thứ 2, 08/06/2026, Ca 2: 09g30-12g00",2026-06-08,09:30,12:00,150,20260608_2,LTK_CBCT,CB050,Thứ 2,Cơ sở 1
"Thứ 2, 08/06/2026, Ca 2: 09g30-12g00",2026-06-08,09:30,12:00,150,20260608_2,LTK_CBCT,CB069,Thứ 2,Cơ sở 1
"Thứ 2, 08/06/2026, Ca 2: 09g30-12g00",2026-06-08,09:30,12:00,150,20260608_2,LTK_CBCT,CB042,Thứ 2,Cơ sở 1
"Thứ 2, 08/06/2026, Ca 2: 09g30-12g00",2026-06-08,09:30,12:00,150,20260608_2,LTK_CBCT,CB027,Thứ 2,Cơ sở 1
"Thứ 2, 08/06/2026, Ca 2: 09g30-12g00",2026-06-08,09:30,12:00,150,20260608_2,LTK_CBCT,CB052,Thứ 2,Cơ sở 1
"Thứ 2, 08/06/2026, Ca 2: 09g30-12g00",2026-06-08,09:30,12:00,150,20260608_2,LTK_CBCT,CB023,Thứ 2,Cơ sở 1
"Thứ 2, 08/06/2026, Ca 2: 09g30-12g00",2026-06-08,09:30,12:00,150,20260608_2,LTK_CBCT,CB016,Thứ 2,Cơ sở 1
"Thứ 2, 08/06/2026, Ca 2: 09g30-12g00",2026-06-08,09:30,12:00,150,20260608_2,LTK_CBCT,CB057,Thứ 2,Cơ sở 1
"Thứ 2, 08/06/2026, Ca 2: 09g30-12g00",2026-06-08,09:30,12:00,150,20260608_2,LTK_CBCT,CB003,Thứ 2,Cơ sở 1
"Thứ 2, 08/06/2026, Ca 2: 09g30-12g00",2026-06-08,09:30,12:00,150,20260608_2,LTK_CBCT,CB026,Thứ 2,Cơ sở 1
"Thứ 2, 08/06/2026, Ca 2: 09g30-12g00",2026-06-08,09:30,12:00,150,20260608_2,LTK_CBCT,CB033,Thứ 2,Cơ sở 1
"Thứ 2, 08/06/2026, Ca 2: 09g30-12g00",2026-06-08,09:30,12:00,150,20260608_2,LTK_CBCT,CB062,Thứ 2,Cơ sở 1
"Thứ 2, 08/06/2026, Ca 2: 09g30-12g00",2026-06-08,09:30,12:00,150,20260608_2,LTK_CBCT,CB058,Thứ 2,Cơ sở 1
"Thứ 2, 08/06/2026, Ca 2: 09g30-12g00",2026-06-08,09:30,12:00,150,20260608_2,LTK_CBCT,CB007,Thứ 2,Cơ sở 1
"Thứ 2, 08/06/2026, Ca 3: 13g00-15g30",2026-06-08,13:00,15:30,150,20260608_3,LTK_CBCT,CB045,Thứ 2,Cơ sở 1
"Thứ 2, 08/06/2026, Ca 3: 13g00-15g30",2026-06-08,13:00,15:30,150,20260608_3,LTK_CBCT,CB037,Thứ 2,Cơ sở 1
"Thứ 2, 08/06/2026, Ca 3: 13g00-15g30",2026-06-08,13:00,15:30,150,20260608_3,LTK_CBCT,CB038,Thứ 2,Cơ sở 1
"Thứ 2, 08/06/2026, Ca 3: 13g00-15g30",2026-06-08,13:00,15:30,150,20260608_3,LTK_CBCT,CB068,Thứ 2,Cơ sở 1
"Thứ 2, 08/06/2026, Ca 3: 13g00-15g30",2026-06-08,13:00,15:30,150,20260608_3,LTK_CBCT,CB064,Thứ 2,Cơ sở 1
"Thứ 2, 08/06/2026, Ca 3: 13g00-15g30",2026-06-08,13:00,15:30,150,20260608_3,LTK_CBCT,CB044,Thứ 2,Cơ sở 1
"Thứ 2, 08/06/2026, Ca 3: 13g00-15g30",2026-06-08,13:00,15:30,150,20260608_3,LTK_CBCT,CB043,Thứ 2,Cơ sở 1
"Thứ 2, 08/06/2026, Ca 3: 13g00-15g30",2026-06-08,13:00,15:30,150,20260608_3,LTK_CBCT,CB039,Thứ 2,Cơ sở 1
"Thứ 2, 08/06/2026, Ca 3: 13g00-15g30",2026-06-08,13:00,15:30,150,20260608_3,LTK_CBCT,CB071,Thứ 2,Cơ sở 1
"Thứ 2, 08/06/2026, Ca 3: 13g00-15g30",2026-06-08,13:00,15:30,150,20260608_3,LTK_CBCT,CB035,Thứ 2,Cơ sở 1
"Thứ 2, 08/06/2026, Ca 3: 13g00-15g30",2026-06-08,13:00,15:30,150,20260608_3,LTK_CBCT,CB032,Thứ 2,Cơ sở 1
"Thứ 2, 08/06/2026, Ca 3: 13g00-15g30",2026-06-08,13:00,15:30,150,20260608_3,LTK_CBCT,CB011,Thứ 2,Cơ sở 1
"Thứ 2, 08/06/2026, Ca 3: 13g00-15g30",2026-06-08,13:00,15:30,150,20260608_3,LTK_CBCT,CB047,Thứ 2,Cơ sở 1
"Thứ 2, 08/06/2026, Ca 3: 13g00-15g30",2026-06-08,13:00,15:30,150,20260608_3,LTK_CBCT,CB072,Thứ 2,Cơ sở 1
"Thứ 2, 08/06/2026, Ca 3: 13g00-15g30",2026-06-08,13:00,15:30,150,20260608_3,LTK_CBCT,CB040,Thứ 2,Cơ sở 1
"Thứ 2, 08/06/2026, Ca 3: 13g00-15g30",2026-06-08,13:00,15:30,150,20260608_3,LTK_CBCT,CB020,Thứ 2,Cơ sở 1
"Thứ 2, 08/06/2026, Ca 3: 13g00-15g30",2026-06-08,13:00,15:30,150,20260608_3,LTK_CBCT,CB050,Thứ 2,Cơ sở 1
"Thứ 2, 08/06/2026, Ca 3: 13g00-15g30",2026-06-08,13:00,15:30,150,20260608_3,LTK_CBCT,CB069,Thứ 2,Cơ sở 1
"Thứ 2, 08/06/2026, Ca 3: 13g00-15g30",2026-06-08,13:00,15:30,150,20260608_3,LTK_CBCT,CB042,Thứ 2,Cơ sở 1
"Thứ 2, 08/06/2026, Ca 3: 13g00-15g30",2026-06-08,13:00,15:30,150,20260608_3,LTK_CBCT,CB027,Thứ 2,Cơ sở 1
"Thứ 2, 08/06/2026, Ca 3: 13g00-15g30",2026-06-08,13:00,15:30,150,20260608_3,LTK_CBCT,CB052,Thứ 2,Cơ sở 1
"Thứ 2, 08/06/2026, Ca 3: 13g00-15g30",2026-06-08,13:00,15:30,150,20260608_3,LTK_CBCT,CB023,Thứ 2,Cơ sở 1
"Thứ 2, 08/06/2026, Ca 3: 13g00-15g30",2026-06-08,13:00,15:30,150,20260608_3,LTK_CBCT,CB055,Thứ 2,Cơ sở 1
"Thứ 2, 08/06/2026, Ca 3: 13g00-15g30",2026-06-08,13:00,15:30,150,20260608_3,LTK_CBCT,CB057,Thứ 2,Cơ sở 1
"Thứ 2, 08/06/2026, Ca 3: 13g00-15g30",2026-06-08,13:00,15:30,150,20260608_3,LTK_CBCT,CB059,Thứ 2,Cơ sở 1
"Thứ 2, 08/06/2026, Ca 3: 13g00-15g30",2026-06-08,13:00,15:30,150,20260608_3,LTK_CBCT,CB026,Thứ 2,Cơ sở 1
"Thứ 2, 08/06/2026, Ca 3: 13g00-15g30",2026-06-08,13:00,15:30,150,20260608_3,LTK_CBCT,CB033,Thứ 2,Cơ sở 1
"Thứ 2, 08/06/2026, Ca 3: 13g00-15g30",2026-06-08,13:00,15:30,150,20260608_3,LTK_CBCT,CB062,Thứ 2,Cơ sở 1
"Thứ 2, 08/06/2026, Ca 3: 13g00-15g30",2026-06-08,13:00,15:30,150,20260608_3,LTK_CBCT,CB058,Thứ 2,Cơ sở 1
"Thứ 2, 08/06/2026, Ca 3: 13g00-15g30",2026-06-08,13:00,15:30,150,20260608_3,LTK_CBCT,CB007,Thứ 2,Cơ sở 1
"Thứ 2, 08/06/2026, Ca 4: 15g30-18g00",2026-06-08,15:30,18:00,150,20260608_4,LTK_CBCT,CB058,Thứ 2,Cơ sở 1
"Thứ 2, 08/06/2026, Ca 4: 15g30-18g00",2026-06-08,15:30,18:00,150,20260608_4,LTK_CBCT,CB007,Thứ 2,Cơ sở 1
"Thứ 2, 08/06/2026, Ca 4: 15g30-18g00",2026-06-08,15:30,18:00,150,20260608_4,LTK_CBCT,CB059,Thứ 2,Cơ sở 1
"Thứ 2, 08/06/2026, Ca 4: 15g30-18g00",2026-06-08,15:30,18:00,150,20260608_4,LTK_CBCT,CB056,Thứ 2,Cơ sở 1
"Thứ 3, 09/06/2026, Ca 2: 09g30-12g00",2026-06-09,09:30,12:00,150,20260609_2,DiAn_CBCT,CB054,Thứ 3,Cơ sở 2
"Thứ 3, 09/06/2026, Ca 2: 09g30-12g00",2026-06-09,09:30,12:00,150,20260609_2,DiAn_CBCT,CB016,Thứ 3,Cơ sở 2
"Thứ 3, 09/06/2026, Ca 2: 09g30-12g00",2026-06-09,09:30,12:00,150,20260609_2,DiAn_CBCT,CB017,Thứ 3,Cơ sở 2
"Thứ 3, 09/06/2026, Ca 2: 09g30-12g00",2026-06-09,09:30,12:00,150,20260609_2,DiAn_CBCT,CB018,Thứ 3,Cơ sở 2
"Thứ 3, 09/06/2026, Ca 2: 09g30-12g00",2026-06-09,09:30,12:00,150,20260609_2,DiAn_CBCT,CB019,Thứ 3,Cơ sở 2
"Thứ 3, 09/06/2026, Ca 2: 09g30-12g00",2026-06-09,09:30,12:00,150,20260609_2,DiAn_CBCT,CB049,Thứ 3,Cơ sở 2
"Thứ 3, 09/06/2026, Ca 2: 09g30-12g00",2026-06-09,09:30,12:00,150,20260609_2,DiAn_CBCT,CB025,Thứ 3,Cơ sở 2
"Thứ 3, 09/06/2026, Ca 2: 09g30-12g00",2026-06-09,09:30,12:00,150,20260609_2,DiAn_CBCT,CB022,Thứ 3,Cơ sở 2
"Thứ 3, 09/06/2026, Ca 2: 09g30-12g00",2026-06-09,09:30,12:00,150,20260609_2,DiAn_CBCT,CB072,Thứ 3,Cơ sở 2
"Thứ 3, 09/06/2026, Ca 2: 09g30-12g00",2026-06-09,09:30,12:00,150,20260609_2,DiAn_CBCT,CB045,Thứ 3,Cơ sở 2
"Thứ 3, 09/06/2026, Ca 2: 09g30-12g00",2026-06-09,09:30,12:00,150,20260609_2,DiAn_CBCT,CB033,Thứ 3,Cơ sở 2
"Thứ 3, 09/06/2026, Ca 2: 09g30-12g00",2026-06-09,09:30,12:00,150,20260609_2,DiAn_CBCT,CB034,Thứ 3,Cơ sở 2
"Thứ 3, 09/06/2026, Ca 2: 09g30-12g00",2026-06-09,09:30,12:00,150,20260609_2,DiAn_CBCT,CB038,Thứ 3,Cơ sở 2
"Thứ 3, 09/06/2026, Ca 2: 09g30-12g00",2026-06-09,09:30,12:00,150,20260609_2,DiAn_CBCT,CB007,Thứ 3,Cơ sở 2
"Thứ 3, 09/06/2026, Ca 2: 09g30-12g00",2026-06-09,09:30,12:00,150,20260609_2,DiAn_CBCT,CB042,Thứ 3,Cơ sở 2
"Thứ 3, 09/06/2026, Ca 2: 09g30-12g00",2026-06-09,09:30,12:00,150,20260609_2,DiAn_CBCT,CB039,Thứ 3,Cơ sở 2
"Thứ 3, 09/06/2026, Ca 2: 09g30-12g00",2026-06-09,09:30,12:00,150,20260609_2,DiAn_CBCT,CB071,Thứ 3,Cơ sở 2
"Thứ 3, 09/06/2026, Ca 2: 09g30-12g00",2026-06-09,09:30,12:00,150,20260609_2,DiAn_CBCT,CB009,Thứ 3,Cơ sở 2
"Thứ 3, 09/06/2026, Ca 2: 09g30-12g00",2026-06-09,09:30,12:00,150,20260609_2,DiAn_CBCT,CB008,Thứ 3,Cơ sở 2
"Thứ 3, 09/06/2026, Ca 2: 09g30-12g00",2026-06-09,09:30,12:00,150,20260609_2,DiAn_CBCT,CB048,Thứ 3,Cơ sở 2
"Thứ 3, 09/06/2026, Ca 2: 09g30-12g00",2026-06-09,09:30,12:00,150,20260609_2,LTK_Thư ký,CB047,Thứ 3,Cơ sở 1
"Thứ 3, 09/06/2026, Ca 2: 09g30-12g00",2026-06-09,09:30,12:00,150,20260609_2,LTK_Thư ký,CB020,Thứ 3,Cơ sở 1
"Thứ 3, 09/06/2026, Ca 2: 09g30-12g00",2026-06-09,09:30,12:00,150,20260609_2,LTK_Thư ký,CB026,Thứ 3,Cơ sở 1
"Thứ 3, 09/06/2026, Ca 2: 09g30-12g00",2026-06-09,09:30,12:00,150,20260609_2,LTK_Thư ký,CB024,Thứ 3,Cơ sở 1
"Thứ 3, 09/06/2026, Ca 2: 09g30-12g00",2026-06-09,09:30,12:00,150,20260609_2,LTK_Thư ký,CB040,Thứ 3,Cơ sở 1
"Thứ 3, 09/06/2026, Ca 3: 13g00-15g30",2026-06-09,13:00,15:30,150,20260609_3,DiAn_CBCT,CB022,Thứ 3,Cơ sở 2
"Thứ 3, 09/06/2026, Ca 3: 13g00-15g30",2026-06-09,13:00,15:30,150,20260609_3,DiAn_CBCT,CB049,Thứ 3,Cơ sở 2
"Thứ 3, 09/06/2026, Ca 3: 13g00-15g30",2026-06-09,13:00,15:30,150,20260609_3,DiAn_CBCT,CB045,Thứ 3,Cơ sở 2
"Thứ 3, 09/06/2026, Ca 3: 13g00-15g30",2026-06-09,13:00,15:30,150,20260609_3,DiAn_CBCT,CB033,Thứ 3,Cơ sở 2
"Thứ 3, 09/06/2026, Ca 3: 13g00-15g30",2026-06-09,13:00,15:30,150,20260609_3,DiAn_CBCT,CB034,Thứ 3,Cơ sở 2
"Thứ 3, 09/06/2026, Ca 3: 13g00-15g30",2026-06-09,13:00,15:30,150,20260609_3,DiAn_CBCT,CB038,Thứ 3,Cơ sở 2
"Thứ 3, 09/06/2026, Ca 3: 13g00-15g30",2026-06-09,13:00,15:30,150,20260609_3,DiAn_CBCT,CB007,Thứ 3,Cơ sở 2
"Thứ 3, 09/06/2026, Ca 3: 13g00-15g30",2026-06-09,13:00,15:30,150,20260609_3,DiAn_CBCT,CB042,Thứ 3,Cơ sở 2
"Thứ 3, 09/06/2026, Ca 3: 13g00-15g30",2026-06-09,13:00,15:30,150,20260609_3,DiAn_CBCT,CB039,Thứ 3,Cơ sở 2
"Thứ 3, 09/06/2026, Ca 3: 13g00-15g30",2026-06-09,13:00,15:30,150,20260609_3,DiAn_CBCT,CB071,Thứ 3,Cơ sở 2
"Thứ 3, 09/06/2026, Ca 3: 13g00-15g30",2026-06-09,13:00,15:30,150,20260609_3,DiAn_CBCT,CB009,Thứ 3,Cơ sở 2
"Thứ 3, 09/06/2026, Ca 3: 13g00-15g30",2026-06-09,13:00,15:30,150,20260609_3,DiAn_CBCT,CB008,Thứ 3,Cơ sở 2
"Thứ 3, 09/06/2026, Ca 3: 13g00-15g30",2026-06-09,13:00,15:30,150,20260609_3,DiAn_CBCT,CB048,Thứ 3,Cơ sở 2
"Thứ 4, 10/06/2026, Ca 3: 13g00-15g30",2026-06-10,13:00,15:30,150,20260610_3,DiAn_CBCT,CB049,Thứ 4,Cơ sở 2
"Thứ 4, 10/06/2026, Ca 3: 13g00-15g30",2026-06-10,13:00,15:30,150,20260610_3,DiAn_CBCT,CB046,Thứ 4,Cơ sở 2
"Thứ 4, 10/06/2026, Ca 3: 13g00-15g30",2026-06-10,13:00,15:30,150,20260610_3,DiAn_CBCT,CB009,Thứ 4,Cơ sở 2
"Thứ 4, 10/06/2026, Ca 3: 13g00-15g30",2026-06-10,13:00,15:30,150,20260610_3,DiAn_CBCT,CB013,Thứ 4,Cơ sở 2
"Thứ 4, 10/06/2026, Ca 3: 13g00-15g30",2026-06-10,13:00,15:30,150,20260610_3,DiAn_CBCT,CB073,Thứ 4,Cơ sở 2
"Thứ 4, 10/06/2026, Ca 3: 13g00-15g30",2026-06-10,13:00,15:30,150,20260610_3,DiAn_CBCT,CB054,Thứ 4,Cơ sở 2
"Thứ 4, 10/06/2026, Ca 3: 13g00-15g30",2026-06-10,13:00,15:30,150,20260610_3,DiAn_CBCT,CB056,Thứ 4,Cơ sở 2
"Thứ 4, 10/06/2026, Ca 3: 13g00-15g30",2026-06-10,13:00,15:30,150,20260610_3,DiAn_CBCT,CB014,Thứ 4,Cơ sở 2
"Thứ 4, 10/06/2026, Ca 3: 13g00-15g30",2026-06-10,13:00,15:30,150,20260610_3,DiAn_CBCT,CB057,Thứ 4,Cơ sở 2
"Thứ 4, 10/06/2026, Ca 3: 13g00-15g30",2026-06-10,13:00,15:30,150,20260610_3,DiAn_CBCT,CB058,Thứ 4,Cơ sở 2
"Thứ 4, 10/06/2026, Ca 3: 13g00-15g30",2026-06-10,13:00,15:30,150,20260610_3,DiAn_CBCT,CB037,Thứ 4,Cơ sở 2
"Thứ 4, 10/06/2026, Ca 3: 13g00-15g30",2026-06-10,13:00,15:30,150,20260610_3,DiAn_CBCT,CB062,Thứ 4,Cơ sở 2
"Thứ 4, 10/06/2026, Ca 3: 13g00-15g30",2026-06-10,13:00,15:30,150,20260610_3,DiAn_CBCT,CB016,Thứ 4,Cơ sở 2
"Thứ 4, 10/06/2026, Ca 3: 13g00-15g30",2026-06-10,13:00,15:30,150,20260610_3,DiAn_CBCT,CB060,Thứ 4,Cơ sở 2
"Thứ 4, 10/06/2026, Ca 3: 13g00-15g30",2026-06-10,13:00,15:30,150,20260610_3,DiAn_CBCT,CB041,Thứ 4,Cơ sở 2
"Thứ 4, 10/06/2026, Ca 3: 13g00-15g30",2026-06-10,13:00,15:30,150,20260610_3,DiAn_CBCT,CB023,Thứ 4,Cơ sở 2
"Thứ 4, 10/06/2026, Ca 3: 13g00-15g30",2026-06-10,13:00,15:30,150,20260610_3,DiAn_CBCT,CB044,Thứ 4,Cơ sở 2
"Thứ 4, 10/06/2026, Ca 3: 13g00-15g30",2026-06-10,13:00,15:30,150,20260610_3,DiAn_CBCT,CB043,Thứ 4,Cơ sở 2
"Thứ 4, 10/06/2026, Ca 3: 13g00-15g30",2026-06-10,13:00,15:30,150,20260610_3,DiAn_CBCT,CB021,Thứ 4,Cơ sở 2
"Thứ 4, 10/06/2026, Ca 3: 13g00-15g30",2026-06-10,13:00,15:30,150,20260610_3,DiAn_CBCT,CB053,Thứ 4,Cơ sở 2
"Thứ 4, 10/06/2026, Ca 3: 13g00-15g30",2026-06-10,13:00,15:30,150,20260610_3,DiAn_CBCT,CB072,Thứ 4,Cơ sở 2
"Thứ 4, 10/06/2026, Ca 3: 13g00-15g30",2026-06-10,13:00,15:30,150,20260610_3,DiAn_CBCT,CB050,Thứ 4,Cơ sở 2
"Thứ 4, 10/06/2026, Ca 3: 13g00-15g30",2026-06-10,13:00,15:30,150,20260610_3,DiAn_CBCT,CB069,Thứ 4,Cơ sở 2
"Thứ 4, 10/06/2026, Ca 3: 13g00-15g30",2026-06-10,13:00,15:30,150,20260610_3,DiAn_CBCT,CB038,Thứ 4,Cơ sở 2
"Thứ 4, 10/06/2026, Ca 3: 13g00-15g30",2026-06-10,13:00,15:30,150,20260610_3,DiAn_CBCT,CB028,Thứ 4,Cơ sở 2
"Thứ 4, 10/06/2026, Ca 3: 13g00-15g30",2026-06-10,13:00,15:30,150,20260610_3,DiAn_CBCT,CB042,Thứ 4,Cơ sở 2
"Thứ 4, 10/06/2026, Ca 3: 13g00-15g30",2026-06-10,13:00,15:30,150,20260610_3,DiAn_CBCT,CB025,Thứ 4,Cơ sở 2
"Thứ 4, 10/06/2026, Ca 3: 13g00-15g30",2026-06-10,13:00,15:30,150,20260610_3,DiAn_CBCT,CB030,Thứ 4,Cơ sở 2
"Thứ 4, 10/06/2026, Ca 3: 13g00-15g30",2026-06-10,13:00,15:30,150,20260610_3,DiAn_CBCT,CB055,Thứ 4,Cơ sở 2
"Thứ 4, 10/06/2026, Ca 3: 13g00-15g30",2026-06-10,13:00,15:30,150,20260610_3,DiAn_CBCT,CB059,Thứ 4,Cơ sở 2
"Thứ 4, 10/06/2026, Ca 3: 13g00-15g30",2026-06-10,13:00,15:30,150,20260610_3,LTK_Thư ký,CB006,Thứ 4,Cơ sở 1
"Thứ 4, 10/06/2026, Ca 3: 13g00-15g30",2026-06-10,13:00,15:30,150,20260610_3,LTK_Thư ký,CB065,Thứ 4,Cơ sở 1
"Thứ 4, 10/06/2026, Ca 3: 13g00-15g30",2026-06-10,13:00,15:30,150,20260610_3,LTK_Thư ký,CB005,Thứ 4,Cơ sở 1
"Thứ 4, 10/06/2026, Ca 3: 13g00-15g30",2026-06-10,13:00,15:30,150,20260610_3,LTK_Thư ký,CB032,Thứ 4,Cơ sở 1
"Thứ 5, 11/06/2026, Ca 3: 13g00-15g30",2026-06-11,13:00,15:30,150,20260611_3,DiAn_CBCT,CB049,Thứ 5,Cơ sở 2
"Thứ 5, 11/06/2026, Ca 3: 13g00-15g30",2026-06-11,13:00,15:30,150,20260611_3,DiAn_CBCT,CB020,Thứ 5,Cơ sở 2
"Thứ 5, 11/06/2026, Ca 3: 13g00-15g30",2026-06-11,13:00,15:30,150,20260611_3,DiAn_CBCT,CB069,Thứ 5,Cơ sở 2
"Thứ 5, 11/06/2026, Ca 3: 13g00-15g30",2026-06-11,13:00,15:30,150,20260611_3,DiAn_CBCT,CB051,Thứ 5,Cơ sở 2
"Thứ 5, 11/06/2026, Ca 3: 13g00-15g30",2026-06-11,13:00,15:30,150,20260611_3,DiAn_CBCT,CB048,Thứ 5,Cơ sở 2
"Thứ 5, 11/06/2026, Ca 3: 13g00-15g30",2026-06-11,13:00,15:30,150,20260611_3,DiAn_CBCT,CB054,Thứ 5,Cơ sở 2
"Thứ 5, 11/06/2026, Ca 3: 13g00-15g30",2026-06-11,13:00,15:30,150,20260611_3,DiAn_CBCT,CB056,Thứ 5,Cơ sở 2
"Thứ 5, 11/06/2026, Ca 3: 13g00-15g30",2026-06-11,13:00,15:30,150,20260611_3,DiAn_CBCT,CB014,Thứ 5,Cơ sở 2
"Thứ 5, 11/06/2026, Ca 3: 13g00-15g30",2026-06-11,13:00,15:30,150,20260611_3,DiAn_CBCT,CB057,Thứ 5,Cơ sở 2
"Thứ 5, 11/06/2026, Ca 3: 13g00-15g30",2026-06-11,13:00,15:30,150,20260611_3,DiAn_CBCT,CB071,Thứ 5,Cơ sở 2
"Thứ 5, 11/06/2026, Ca 3: 13g00-15g30",2026-06-11,13:00,15:30,150,20260611_3,DiAn_CBCT,CB059,Thứ 5,Cơ sở 2
"Thứ 5, 11/06/2026, Ca 3: 13g00-15g30",2026-06-11,13:00,15:30,150,20260611_3,DiAn_CBCT,CB062,Thứ 5,Cơ sở 2
"Thứ 5, 11/06/2026, Ca 3: 13g00-15g30",2026-06-11,13:00,15:30,150,20260611_3,DiAn_CBCT,CB047,Thứ 5,Cơ sở 2
"Thứ 5, 11/06/2026, Ca 3: 13g00-15g30",2026-06-11,13:00,15:30,150,20260611_3,DiAn_CBCT,CB039,Thứ 5,Cơ sở 2
"Thứ 5, 11/06/2026, Ca 3: 13g00-15g30",2026-06-11,13:00,15:30,150,20260611_3,DiAn_CBCT,CB017,Thứ 5,Cơ sở 2
"Thứ 5, 11/06/2026, Ca 3: 13g00-15g30",2026-06-11,13:00,15:30,150,20260611_3,DiAn_CBCT,CB032,Thứ 5,Cơ sở 2
"Thứ 5, 11/06/2026, Ca 3: 13g00-15g30",2026-06-11,13:00,15:30,150,20260611_3,DiAn_CBCT,CB019,Thứ 5,Cơ sở 2
"Thứ 5, 11/06/2026, Ca 3: 13g00-15g30",2026-06-11,13:00,15:30,150,20260611_3,DiAn_CBCT,CB044,Thứ 5,Cơ sở 2
"Thứ 5, 11/06/2026, Ca 3: 13g00-15g30",2026-06-11,13:00,15:30,150,20260611_3,DiAn_CBCT,CB025,Thứ 5,Cơ sở 2
"Thứ 5, 11/06/2026, Ca 3: 13g00-15g30",2026-06-11,13:00,15:30,150,20260611_3,DiAn_CBCT,CB022,Thứ 5,Cơ sở 2
"Thứ 5, 11/06/2026, Ca 3: 13g00-15g30",2026-06-11,13:00,15:30,150,20260611_3,DiAn_CBCT,CB040,Thứ 5,Cơ sở 2
"Thứ 5, 11/06/2026, Ca 3: 13g00-15g30",2026-06-11,13:00,15:30,150,20260611_3,DiAn_CBCT,CB012,Thứ 5,Cơ sở 2
"Thứ 5, 11/06/2026, Ca 3: 13g00-15g30",2026-06-11,13:00,15:30,150,20260611_3,DiAn_CBCT,CB030,Thứ 5,Cơ sở 2
"Thứ 5, 11/06/2026, Ca 3: 13g00-15g30",2026-06-11,13:00,15:30,150,20260611_3,DiAn_CBCT,CB045,Thứ 5,Cơ sở 2
"Thứ 5, 11/06/2026, Ca 3: 13g00-15g30",2026-06-11,13:00,15:30,150,20260611_3,DiAn_CBCT,CB033,Thứ 5,Cơ sở 2
"Thứ 5, 11/06/2026, Ca 3: 13g00-15g30",2026-06-11,13:00,15:30,150,20260611_3,DiAn_CBCT,CB034,Thứ 5,Cơ sở 2
"Thứ 5, 11/06/2026, Ca 3: 13g00-15g30",2026-06-11,13:00,15:30,150,20260611_3,DiAn_CBCT,CB009,Thứ 5,Cơ sở 2
"Thứ 5, 11/06/2026, Ca 3: 13g00-15g30",2026-06-11,13:00,15:30,150,20260611_3,DiAn_CBCT,CB007,Thứ 5,Cơ sở 2
"Thứ 5, 11/06/2026, Ca 3: 13g00-15g30",2026-06-11,13:00,15:30,150,20260611_3,DiAn_CBCT,CB041,Thứ 5,Cơ sở 2
"Thứ 5, 11/06/2026, Ca 3: 13g00-15g30",2026-06-11,13:00,15:30,150,20260611_3,LTK_Thư ký,CB026,Thứ 5,Cơ sở 1
"Thứ 5, 11/06/2026, Ca 3: 13g00-15g30",2026-06-11,13:00,15:30,150,20260611_3,LTK_Thư ký,CB068,Thứ 5,Cơ sở 1
"Thứ 6, 12/06/2026, Ca 1: 07g00-09g30",2026-06-12,07:00,09:30,150,20260612_1,LTK_CBCT,CB011,Thứ 6,Cơ sở 1
"Thứ 6, 12/06/2026, Ca 1: 07g00-09g30",2026-06-12,07:00,09:30,150,20260612_1,LTK_CBCT,CB012,Thứ 6,Cơ sở 1
"Thứ 6, 12/06/2026, Ca 1: 07g00-09g30",2026-06-12,07:00,09:30,150,20260612_1,LTK_CBCT,CB013,Thứ 6,Cơ sở 1
"Thứ 6, 12/06/2026, Ca 1: 07g00-09g30",2026-06-12,07:00,09:30,150,20260612_1,LTK_CBCT,CB015,Thứ 6,Cơ sở 1
"Thứ 6, 12/06/2026, Ca 1: 07g00-09g30",2026-06-12,07:00,09:30,150,20260612_1,LTK_CBCT,CB021,Thứ 6,Cơ sở 1
"Thứ 6, 12/06/2026, Ca 1: 07g00-09g30",2026-06-12,07:00,09:30,150,20260612_1,LTK_CBCT,CB022,Thứ 6,Cơ sở 1
"Thứ 6, 12/06/2026, Ca 1: 07g00-09g30",2026-06-12,07:00,09:30,150,20260612_1,LTK_CBCT,CB072,Thứ 6,Cơ sở 1
"Thứ 6, 12/06/2026, Ca 1: 07g00-09g30",2026-06-12,07:00,09:30,150,20260612_1,LTK_CBCT,CB024,Thứ 6,Cơ sở 1
"Thứ 6, 12/06/2026, Ca 1: 07g00-09g30",2026-06-12,07:00,09:30,150,20260612_1,LTK_CBCT,CB031,Thứ 6,Cơ sở 1
"Thứ 6, 12/06/2026, Ca 1: 07g00-09g30",2026-06-12,07:00,09:30,150,20260612_1,LTK_CBCT,CB059,Thứ 6,Cơ sở 1
"Thứ 6, 12/06/2026, Ca 1: 07g00-09g30",2026-06-12,07:00,09:30,150,20260612_1,LTK_CBCT,CB036,Thứ 6,Cơ sở 1
"Thứ 6, 12/06/2026, Ca 1: 07g00-09g30",2026-06-12,07:00,09:30,150,20260612_1,LTK_CBCT,CB037,Thứ 6,Cơ sở 1
"Thứ 6, 12/06/2026, Ca 1: 07g00-09g30",2026-06-12,07:00,09:30,150,20260612_1,LTK_CBCT,CB068,Thứ 6,Cơ sở 1
"Thứ 6, 12/06/2026, Ca 1: 07g00-09g30",2026-06-12,07:00,09:30,150,20260612_1,LTK_CBCT,CB070,Thứ 6,Cơ sở 1
"Thứ 6, 12/06/2026, Ca 1: 07g00-09g30",2026-06-12,07:00,09:30,150,20260612_1,LTK_CBCT,CB009,Thứ 6,Cơ sở 1
"Thứ 6, 12/06/2026, Ca 1: 07g00-09g30",2026-06-12,07:00,09:30,150,20260612_1,LTK_CBCT,CB042,Thứ 6,Cơ sở 1
"Thứ 6, 12/06/2026, Ca 1: 07g00-09g30",2026-06-12,07:00,09:30,150,20260612_1,LTK_CBCT,CB049,Thứ 6,Cơ sở 1
"Thứ 6, 12/06/2026, Ca 1: 07g00-09g30",2026-06-12,07:00,09:30,150,20260612_1,LTK_CBCT,CB010,Thứ 6,Cơ sở 1
"Thứ 6, 12/06/2026, Ca 1: 07g00-09g30",2026-06-12,07:00,09:30,150,20260612_1,LTK_CBCT,CB046,Thứ 6,Cơ sở 1
"Thứ 6, 12/06/2026, Ca 1: 07g00-09g30",2026-06-12,07:00,09:30,150,20260612_1,LTK_CBCT,CB067,Thứ 6,Cơ sở 1
"Thứ 6, 12/06/2026, Ca 1: 07g00-09g30",2026-06-12,07:00,09:30,150,20260612_1,LTK_CBCT,CB008,Thứ 6,Cơ sở 1
"Thứ 6, 12/06/2026, Ca 1: 07g00-09g30",2026-06-12,07:00,09:30,150,20260612_1,LTK_CBCT,CB050,Thứ 6,Cơ sở 1
"Thứ 6, 12/06/2026, Ca 1: 07g00-09g30",2026-06-12,07:00,09:30,150,20260612_1,LTK_CBCT,CB069,Thứ 6,Cơ sở 1
"Thứ 6, 12/06/2026, Ca 1: 07g00-09g30",2026-06-12,07:00,09:30,150,20260612_1,LTK_CBCT,CB019,Thứ 6,Cơ sở 1
"Thứ 6, 12/06/2026, Ca 1: 07g00-09g30",2026-06-12,07:00,09:30,150,20260612_1,LTK_CBCT,CB053,Thứ 6,Cơ sở 1
"Thứ 6, 12/06/2026, Ca 1: 07g00-09g30",2026-06-12,07:00,09:30,150,20260612_1,LTK_CBCT,CB055,Thứ 6,Cơ sở 1
"Thứ 6, 12/06/2026, Ca 1: 07g00-09g30",2026-06-12,07:00,09:30,150,20260612_1,LTK_CBCT,CB056,Thứ 6,Cơ sở 1
"Thứ 6, 12/06/2026, Ca 1: 07g00-09g30",2026-06-12,07:00,09:30,150,20260612_1,LTK_CBCT,CB047,Thứ 6,Cơ sở 1
"Thứ 6, 12/06/2026, Ca 1: 07g00-09g30",2026-06-12,07:00,09:30,150,20260612_1,LTK_CBCT,CB014,Thứ 6,Cơ sở 1
"Thứ 6, 12/06/2026, Ca 1: 07g00-09g30",2026-06-12,07:00,09:30,150,20260612_1,LTK_CBCT,CB054,Thứ 6,Cơ sở 1
"Thứ 6, 12/06/2026, Ca 2: 09g30-12g00",2026-06-12,09:30,12:00,150,20260612_2,LTK_CBCT,CB032,Thứ 6,Cơ sở 1
"Thứ 6, 12/06/2026, Ca 2: 09g30-12g00",2026-06-12,09:30,12:00,150,20260612_2,LTK_CBCT,CB069,Thứ 6,Cơ sở 1
"Thứ 6, 12/06/2026, Ca 2: 09g30-12g00",2026-06-12,09:30,12:00,150,20260612_2,LTK_CBCT,CB028,Thứ 6,Cơ sở 1
"Thứ 6, 12/06/2026, Ca 2: 09g30-12g00",2026-06-12,09:30,12:00,150,20260612_2,LTK_CBCT,CB029,Thứ 6,Cơ sở 1
"Thứ 6, 12/06/2026, Ca 3: 13g00-15g30",2026-06-12,13:00,15:30,150,20260612_3,LTK_CBCT,CB011,Thứ 6,Cơ sở 1
"Thứ 6, 12/06/2026, Ca 3: 13g00-15g30",2026-06-12,13:00,15:30,150,20260612_3,LTK_CBCT,CB012,Thứ 6,Cơ sở 1
"Thứ 6, 12/06/2026, Ca 3: 13g00-15g30",2026-06-12,13:00,15:30,150,20260612_3,LTK_CBCT,CB013,Thứ 6,Cơ sở 1
"Thứ 6, 12/06/2026, Ca 3: 13g00-15g30",2026-06-12,13:00,15:30,150,20260612_3,LTK_CBCT,CB015,Thứ 6,Cơ sở 1
"Thứ 6, 12/06/2026, Ca 3: 13g00-15g30",2026-06-12,13:00,15:30,150,20260612_3,LTK_CBCT,CB021,Thứ 6,Cơ sở 1
"Thứ 6, 12/06/2026, Ca 3: 13g00-15g30",2026-06-12,13:00,15:30,150,20260612_3,LTK_CBCT,CB022,Thứ 6,Cơ sở 1
"Thứ 6, 12/06/2026, Ca 3: 13g00-15g30",2026-06-12,13:00,15:30,150,20260612_3,LTK_CBCT,CB072,Thứ 6,Cơ sở 1
"Thứ 6, 12/06/2026, Ca 3: 13g00-15g30",2026-06-12,13:00,15:30,150,20260612_3,LTK_CBCT,CB024,Thứ 6,Cơ sở 1
"Thứ 6, 12/06/2026, Ca 3: 13g00-15g30",2026-06-12,13:00,15:30,150,20260612_3,LTK_CBCT,CB031,Thứ 6,Cơ sở 1
"Thứ 6, 12/06/2026, Ca 3: 13g00-15g30",2026-06-12,13:00,15:30,150,20260612_3,LTK_CBCT,CB059,Thứ 6,Cơ sở 1
"Thứ 6, 12/06/2026, Ca 3: 13g00-15g30",2026-06-12,13:00,15:30,150,20260612_3,LTK_CBCT,CB036,Thứ 6,Cơ sở 1
"Thứ 6, 12/06/2026, Ca 3: 13g00-15g30",2026-06-12,13:00,15:30,150,20260612_3,LTK_CBCT,CB051,Thứ 6,Cơ sở 1
"Thứ 6, 12/06/2026, Ca 3: 13g00-15g30",2026-06-12,13:00,15:30,150,20260612_3,LTK_CBCT,CB070,Thứ 6,Cơ sở 1
"Thứ 6, 12/06/2026, Ca 3: 13g00-15g30",2026-06-12,13:00,15:30,150,20260612_3,LTK_CBCT,CB010,Thứ 6,Cơ sở 1
"Thứ 6, 12/06/2026, Ca 3: 13g00-15g30",2026-06-12,13:00,15:30,150,20260612_3,LTK_CBCT,CB069,Thứ 6,Cơ sở 1
"Thứ 6, 12/06/2026, Ca 3: 13g00-15g30",2026-06-12,13:00,15:30,150,20260612_3,LTK_CBCT,CB028,Thứ 6,Cơ sở 1
"Thứ 6, 12/06/2026, Ca 3: 13g00-15g30",2026-06-12,13:00,15:30,150,20260612_3,LTK_CBCT,CB029,Thứ 6,Cơ sở 1
"Thứ 6, 12/06/2026, Ca 3: 13g00-15g30",2026-06-12,13:00,15:30,150,20260612_3,LTK_CBCT,CB032,Thứ 6,Cơ sở 1
"Thứ 6, 12/06/2026, Ca 3: 13g00-15g30",2026-06-12,13:00,15:30,150,20260612_3,LTK_CBCT,CB046,Thứ 6,Cơ sở 1
"Thứ 6, 12/06/2026, Ca 3: 13g00-15g30",2026-06-12,13:00,15:30,150,20260612_3,LTK_CBCT,CB067,Thứ 6,Cơ sở 1
"Thứ 6, 12/06/2026, Ca 3: 13g00-15g30",2026-06-12,13:00,15:30,150,20260612_3,LTK_CBCT,CB008,Thứ 6,Cơ sở 1
"Thứ 6, 12/06/2026, Ca 3: 13g00-15g30",2026-06-12,13:00,15:30,150,20260612_3,LTK_CBCT,CB050,Thứ 6,Cơ sở 1
"Thứ 6, 12/06/2026, Ca 3: 13g00-15g30",2026-06-12,13:00,15:30,150,20260612_3,LTK_CBCT,CB009,Thứ 6,Cơ sở 1
"Thứ 6, 12/06/2026, Ca 3: 13g00-15g30",2026-06-12,13:00,15:30,150,20260612_3,LTK_CBCT,CB052,Thứ 6,Cơ sở 1
"Thứ 6, 12/06/2026, Ca 3: 13g00-15g30",2026-06-12,13:00,15:30,150,20260612_3,LTK_CBCT,CB053,Thứ 6,Cơ sở 1
"Thứ 6, 12/06/2026, Ca 3: 13g00-15g30",2026-06-12,13:00,15:30,150,20260612_3,LTK_CBCT,CB055,Thứ 6,Cơ sở 1
"Thứ 6, 12/06/2026, Ca 3: 13g00-15g30",2026-06-12,13:00,15:30,150,20260612_3,LTK_CBCT,CB056,Thứ 6,Cơ sở 1
"Thứ 6, 12/06/2026, Ca 3: 13g00-15g30",2026-06-12,13:00,15:30,150,20260612_3,LTK_CBCT,CB014,Thứ 6,Cơ sở 1
"Thứ 6, 12/06/2026, Ca 3: 13g00-15g30",2026-06-12,13:00,15:30,150,20260612_3,LTK_CBCT,CB058,Thứ 6,Cơ sở 1
"Thứ 6, 12/06/2026, Ca 3: 13g00-15g30",2026-06-12,13:00,15:30,150,20260612_3,LTK_CBCT,CB054,Thứ 6,Cơ sở 1
"Thứ 6, 12/06/2026, Ca 4: 15g30-18g00",2026-06-12,15:30,18:00,150,20260612_4,LTK_CBCT,CB013,Thứ 6,Cơ sở 1
"Thứ 6, 12/06/2026, Ca 4: 15g30-18g00",2026-06-12,15:30,18:00,150,20260612_4,LTK_CBCT,CB036,Thứ 6,Cơ sở 1
"Thứ 6, 12/06/2026, Ca 4: 15g30-18g00",2026-06-12,15:30,18:00,150,20260612_4,LTK_CBCT,CB051,Thứ 6,Cơ sở 1
"Thứ 6, 12/06/2026, Ca 4: 15g30-18g00",2026-06-12,15:30,18:00,150,20260612_4,LTK_CBCT,CB070,Thứ 6,Cơ sở 1
"Thứ 6, 12/06/2026, Ca 4: 15g30-18g00",2026-06-12,15:30,18:00,150,20260612_4,LTK_CBCT,CB010,Thứ 6,Cơ sở 1
"Thứ 6, 12/06/2026, Ca 4: 15g30-18g00",2026-06-12,15:30,18:00,150,20260612_4,LTK_CBCT,CB031,Thứ 6,Cơ sở 1
"Thứ 6, 12/06/2026, Ca 4: 15g30-18g00",2026-06-12,15:30,18:00,150,20260612_4,LTK_CBCT,CB028,Thứ 6,Cơ sở 1
"Thứ 6, 12/06/2026, Ca 4: 15g30-18g00",2026-06-12,15:30,18:00,150,20260612_4,LTK_CBCT,CB029,Thứ 6,Cơ sở 1
"Thứ 6, 12/06/2026, Ca 4: 15g30-18g00",2026-06-12,15:30,18:00,150,20260612_4,LTK_CBCT,CB032,Thứ 6,Cơ sở 1
"Thứ 6, 12/06/2026, Ca 4: 15g30-18g00",2026-06-12,15:30,18:00,150,20260612_4,LTK_CBCT,CB046,Thứ 6,Cơ sở 1
"Thứ 6, 12/06/2026, Ca 4: 15g30-18g00",2026-06-12,15:30,18:00,150,20260612_4,LTK_CBCT,CB067,Thứ 6,Cơ sở 1
"Thứ 6, 12/06/2026, Ca 4: 15g30-18g00",2026-06-12,15:30,18:00,150,20260612_4,LTK_CBCT,CB008,Thứ 6,Cơ sở 1
"Thứ 6, 12/06/2026, Ca 4: 15g30-18g00",2026-06-12,15:30,18:00,150,20260612_4,LTK_CBCT,CB050,Thứ 6,Cơ sở 1
"Thứ 6, 12/06/2026, Ca 4: 15g30-18g00",2026-06-12,15:30,18:00,150,20260612_4,LTK_CBCT,CB009,Thứ 6,Cơ sở 1
"Thứ 6, 12/06/2026, Ca 4: 15g30-18g00",2026-06-12,15:30,18:00,150,20260612_4,LTK_CBCT,CB052,Thứ 6,Cơ sở 1
"Thứ 6, 12/06/2026, Ca 4: 15g30-18g00",2026-06-12,15:30,18:00,150,20260612_4,LTK_CBCT,CB053,Thứ 6,Cơ sở 1
"Thứ 6, 12/06/2026, Ca 4: 15g30-18g00",2026-06-12,15:30,18:00,150,20260612_4,LTK_CBCT,CB055,Thứ 6,Cơ sở 1
"Thứ 6, 12/06/2026, Ca 4: 15g30-18g00",2026-06-12,15:30,18:00,150,20260612_4,LTK_CBCT,CB056,Thứ 6,Cơ sở 1
"Thứ 6, 12/06/2026, Ca 4: 15g30-18g00",2026-06-12,15:30,18:00,150,20260612_4,LTK_CBCT,CB014,Thứ 6,Cơ sở 1
"Thứ 6, 12/06/2026, Ca 4: 15g30-18g00",2026-06-12,15:30,18:00,150,20260612_4,LTK_CBCT,CB058,Thứ 6,Cơ sở 1
"Thứ 6, 12/06/2026, Ca 4: 15g30-18g00",2026-06-12,15:30,18:00,150,20260612_4,LTK_CBCT,CB054,Thứ 6,Cơ sở 1
"Thứ 7, 13/06/2026, Ca 1: 07g00-09g30",2026-06-13,07:00,09:30,150,20260613_1,LTK_CBCT,CB002,Thứ 7,Cơ sở 1
"Thứ 7, 13/06/2026, Ca 1: 07g00-09g30",2026-06-13,07:00,09:30,150,20260613_1,LTK_CBCT,CB066,Thứ 7,Cơ sở 1
"Thứ 7, 13/06/2026, Ca 1: 07g00-09g30",2026-06-13,07:00,09:30,150,20260613_1,LTK_CBCT,CB001,Thứ 7,Cơ sở 1
"Thứ 7, 13/06/2026, Ca 1: 07g00-09g30",2026-06-13,07:00,09:30,150,20260613_1,LTK_CBCT,CB064,Thứ 7,Cơ sở 1
"Thứ 7, 13/06/2026, Ca 2: 09g30-12g00",2026-06-13,09:30,12:00,150,20260613_2,DiAn_CBCT,CB073,Thứ 7,Cơ sở 2
"Thứ 7, 13/06/2026, Ca 2: 09g30-12g00",2026-06-13,09:30,12:00,150,20260613_2,DiAn_CBCT,CB063,Thứ 7,Cơ sở 2
"Thứ 7, 13/06/2026, Ca 2: 09g30-12g00",2026-06-13,09:30,12:00,150,20260613_2,DiAn_CBCT,CB017,Thứ 7,Cơ sở 2
"Thứ 7, 13/06/2026, Ca 2: 09g30-12g00",2026-06-13,09:30,12:00,150,20260613_2,DiAn_CBCT,CB018,Thứ 7,Cơ sở 2
"Thứ 7, 13/06/2026, Ca 2: 09g30-12g00",2026-06-13,09:30,12:00,150,20260613_2,DiAn_CBCT,CB005,Thứ 7,Cơ sở 2
"Thứ 7, 13/06/2026, Ca 2: 09g30-12g00",2026-06-13,09:30,12:00,150,20260613_2,DiAn_CBCT,CB003,Thứ 7,Cơ sở 2
"Thứ 7, 13/06/2026, Ca 2: 09g30-12g00",2026-06-13,09:30,12:00,150,20260613_2,LTK_CBCT,CB066,Thứ 7,Cơ sở 1
"Thứ 7, 13/06/2026, Ca 2: 09g30-12g00",2026-06-13,09:30,12:00,150,20260613_2,LTK_CBCT,CB001,Thứ 7,Cơ sở 1
"Thứ 7, 13/06/2026, Ca 3: 13g00-15g30",2026-06-13,13:00,15:30,150,20260613_3,DiAn_CBCT,CB073,Thứ 7,Cơ sở 2
"Thứ 7, 13/06/2026, Ca 3: 13g00-15g30",2026-06-13,13:00,15:30,150,20260613_3,DiAn_CBCT,CB063,Thứ 7,Cơ sở 2
"Thứ 7, 13/06/2026, Ca 3: 13g00-15g30",2026-06-13,13:00,15:30,150,20260613_3,DiAn_CBCT,CB020,Thứ 7,Cơ sở 2
"Thứ 7, 13/06/2026, Ca 3: 13g00-15g30",2026-06-13,13:00,15:30,150,20260613_3,DiAn_CBCT,CB018,Thứ 7,Cơ sở 2
"Thứ 7, 13/06/2026, Ca 3: 13g00-15g30",2026-06-13,13:00,15:30,150,20260613_3,DiAn_CBCT,CB005,Thứ 7,Cơ sở 2
"Thứ 7, 13/06/2026, Ca 3: 13g00-15g30",2026-06-13,13:00,15:30,150,20260613_3,DiAn_CBCT,CB003,Thứ 7,Cơ sở 2
"Thứ 7, 13/06/2026, Ca 3: 13g00-15g30",2026-06-13,13:00,15:30,150,20260613_3,LTK_CBCT,CB002,Thứ 7,Cơ sở 1
"Thứ 7, 13/06/2026, Ca 3: 13g00-15g30",2026-06-13,13:00,15:30,150,20260613_3,LTK_CBCT,CB066,Thứ 7,Cơ sở 1
"Thứ 7, 13/06/2026, Ca 3: 13g00-15g30",2026-06-13,13:00,15:30,150,20260613_3,LTK_CBCT,CB001,Thứ 7,Cơ sở 1
"Thứ 7, 13/06/2026, Ca 3: 13g00-15g30",2026-06-13,13:00,15:30,150,20260613_3,LTK_CBCT,CB034,Thứ 7,Cơ sở 1
"Thứ 7, 13/06/2026, Ca 4: 15g30-18g00",2026-06-13,15:30,18:00,150,20260613_4,DiAn_CBCT,CB073,Thứ 7,Cơ sở 2
"Thứ 7, 13/06/2026, Ca 4: 15g30-18g00",2026-06-13,15:30,18:00,150,20260613_4,DiAn_CBCT,CB063,Thứ 7,Cơ sở 2
"Thứ 7, 13/06/2026, Ca 4: 15g30-18g00",2026-06-13,15:30,18:00,150,20260613_4,DiAn_CBCT,CB020,Thứ 7,Cơ sở 2
"Thứ 7, 13/06/2026, Ca 4: 15g30-18g00",2026-06-13,15:30,18:00,150,20260613_4,DiAn_CBCT,CB018,Thứ 7,Cơ sở 2
"Thứ 7, 13/06/2026, Ca 4: 15g30-18g00",2026-06-13,15:30,18:00,150,20260613_4,DiAn_CBCT,CB005,Thứ 7,Cơ sở 2
"Thứ 7, 13/06/2026, Ca 4: 15g30-18g00",2026-06-13,15:30,18:00,150,20260613_4,DiAn_CBCT,CB003,Thứ 7,Cơ sở 2
"Thứ 7, 13/06/2026, Ca 4: 15g30-18g00",2026-06-13,15:30,18:00,150,20260613_4,LTK_CBCT,CB002,Thứ 7,Cơ sở 1
"Thứ 7, 13/06/2026, Ca 4: 15g30-18g00",2026-06-13,15:30,18:00,150,20260613_4,LTK_CBCT,CB066,Thứ 7,Cơ sở 1
"Thứ 7, 13/06/2026, Ca 4: 15g30-18g00",2026-06-13,15:30,18:00,150,20260613_4,LTK_CBCT,CB001,Thứ 7,Cơ sở 1
"Thứ 7, 13/06/2026, Ca 4: 15g30-18g00",2026-06-13,15:30,18:00,150,20260613_4,LTK_CBCT,CB034,Thứ 7,Cơ sở 1
"Thứ 2, 08/06/2026, Ca 1: 07g00-09g30",2026-06-08,07:00,09:30,150,20260608_1,DiAn_CBCT,CB063,Thứ 2,Cơ sở 2
"Thứ 2, 08/06/2026, Ca 1: 07g00-09g30",2026-06-08,07:00,09:30,150,20260608_1,LTK_CBCT,CB006,Thứ 2,Cơ sở 1
"Thứ 2, 08/06/2026, Ca 2: 09g30-12g00",2026-06-08,09:30,12:00,150,20260608_2,DiAn_CBCT,CB063,Thứ 2,Cơ sở 2
"Thứ 2, 08/06/2026, Ca 2: 09g30-12g00",2026-06-08,09:30,12:00,150,20260608_2,LTK_CBCT,CB006,Thứ 2,Cơ sở 1
"Thứ 2, 08/06/2026, Ca 2: 09g30-12g00",2026-06-08,09:30,12:00,150,20260608_2,LTK_CBCT,CB065,Thứ 2,Cơ sở 1
"Thứ 2, 08/06/2026, Ca 3: 13g00-15g30",2026-06-08,13:00,15:30,150,20260608_3,DiAn_CBCT,CB063,Thứ 2,Cơ sở 2
"Thứ 2, 08/06/2026, Ca 3: 13g00-15g30",2026-06-08,13:00,15:30,150,20260608_3,LTK_CBCT,CB006,Thứ 2,Cơ sở 1
"Thứ 2, 08/06/2026, Ca 3: 13g00-15g30",2026-06-08,13:00,15:30,150,20260608_3,LTK_CBCT,CB065,Thứ 2,Cơ sở 1
"Thứ 2, 08/06/2026, Ca 4: 15g30-18g00",2026-06-08,15:30,18:00,150,20260608_4,DiAn_CBCT,CB063,Thứ 2,Cơ sở 2
"Thứ 2, 08/06/2026, Ca 4: 15g30-18g00",2026-06-08,15:30,18:00,150,20260608_4,LTK_CBCT,CB006,Thứ 2,Cơ sở 1
"Thứ 2, 08/06/2026, Ca 4: 15g30-18g00",2026-06-08,15:30,18:00,150,20260608_4,LTK_CBCT,CB065,Thứ 2,Cơ sở 1
"Thứ 3, 09/06/2026, Ca 3: 13g00-15g30",2026-06-09,13:00,15:30,150,20260609_3,LTK_CBCT,CB006,Thứ 3,Cơ sở 1
"Thứ 3, 09/06/2026, Ca 3: 13g00-15g30",2026-06-09,13:00,15:30,150,20260609_3,LTK_CBCT,CB065,Thứ 3,Cơ sở 1
"Thứ 3, 09/06/2026, Ca 4: 15g30-18g00",2026-06-09,15:30,18:00,150,20260609_4,DiAn_CBCT,CB063,Thứ 3,Cơ sở 2
"Thứ 4, 10/06/2026, Ca 1: 07g00-09g30",2026-06-10,07:00,09:30,150,20260610_1,DiAn_CBCT,CB063,Thứ 4,Cơ sở 2
"Thứ 4, 10/06/2026, Ca 1: 07g00-09g30",2026-06-10,07:00,09:30,150,20260610_1,LTK_CBCT,CB006,Thứ 4,Cơ sở 1
"Thứ 4, 10/06/2026, Ca 2: 09g30-12g00",2026-06-10,09:30,12:00,150,20260610_2,DiAn_CBCT,CB063,Thứ 4,Cơ sở 2
"Thứ 4, 10/06/2026, Ca 3: 13g00-15g30",2026-06-10,13:00,15:30,150,20260610_3,DiAn_CBCT,CB063,Thứ 4,Cơ sở 2
"Thứ 4, 10/06/2026, Ca 4: 15g30-18g00",2026-06-10,15:30,18:00,150,20260610_4,DiAn_CBCT,CB063,Thứ 4,Cơ sở 2
"Thứ 5, 11/06/2026, Ca1 : 07g00-09g30",2026-06-11,07:00,09:30,150,20260611_1,DiAn_CBCT,CB063,Thứ 5,Cơ sở 2
"Thứ 6, 12/06/2026, Ca 1: 07g00-09g30",2026-06-12,07:00,09:30,150,20260612_1,DiAn_CBCT,CB063,Thứ 6,Cơ sở 2
"Thứ 6, 12/06/2026, Ca 1: 07g00-09g30",2026-06-12,07:00,09:30,150,20260612_1,LTK_CBCT,CB006,Thứ 6,Cơ sở 1
"Thứ 6, 12/06/2026, Ca 2: 09g30-12g00",2026-06-12,09:30,12:00,150,20260612_2,LTK_CBCT,CB006,Thứ 6,Cơ sở 1
"Thứ 6, 12/06/2026, Ca 2: 09g30-12g00",2026-06-12,09:30,12:00,150,20260612_2,LTK_CBCT,CB065,Thứ 6,Cơ sở 1
"Thứ 6, 12/06/2026, Ca 3: 13g00-15g30",2026-06-12,13:00,15:30,150,20260612_3,DiAn_CBCT,CB063,Thứ 6,Cơ sở 2
"Thứ 6, 12/06/2026, Ca 3: 13g00-15g30",2026-06-12,13:00,15:30,150,20260612_3,LTK_CBCT,CB006,Thứ 6,Cơ sở 1
"Thứ 6, 12/06/2026, Ca 3: 13g00-15g30",2026-06-12,13:00,15:30,150,20260612_3,LTK_CBCT,CB065,Thứ 6,Cơ sở 1
"Thứ 6, 12/06/2026, Ca 4: 15g30-18g00",2026-06-12,15:30,18:00,150,20260612_4,DiAn_CBCT,CB063,Thứ 6,Cơ sở 2
